
****** Vitis HLS - High-Level Synthesis from C, C++ and OpenCL v2023.2 (64-bit)
  **** SW Build 4023990 on Oct 11 2023
  **** IP Build 4028589 on Sat Oct 14 00:45:43 MDT 2023
  **** SharedData Build 4025554 on Tue Oct 10 17:18:54 MDT 2023
    ** Copyright 1986-2022 Xilinx, Inc. All Rights Reserved.
    ** Copyright 2022-2023 Advanced Micro Devices, Inc. All Rights Reserved.

source /data-hdd/opt/Xilinx/Vitis_HLS/2023.2/scripts/vitis_hls/hls.tcl -notrace
INFO: [HLS 200-10] Running '/data-hdd/opt/Xilinx/Vitis_HLS/2023.2/bin/unwrapped/lnx64.o/vitis_hls'
INFO: [HLS 200-10] For user 'CONNECT\jhuang683' on host 'fpga03' (Linux_x86_64 version 5.15.0-164-generic) on Fri Jan 02 14:47:13 CST 2026
INFO: [HLS 200-10] On os Ubuntu 22.04.5 LTS
INFO: [HLS 200-10] In directory '/home/CONNECT/jhuang683/AccGPM_origin'
INFO: [HLS 200-2053] The vitis_hls executable is being deprecated. Consider using vitis-run --mode hls --tcl
Sourcing Tcl script 'run.tcl'
INFO: [HLS 200-1510] Running: open_project subgraph_kernel_plan5_v1 
INFO: [HLS 200-10] Opening project '/home/CONNECT/jhuang683/AccGPM_origin/subgraph_kernel_plan5_v1'.
INFO: [HLS 200-1510] Running: set_top subgraph_kernel_plan5_v1 
INFO: [HLS 200-1510] Running: add_files -cflags -I./include src/testSIU_v7_gemini_1.cpp 
INFO: [HLS 200-10] Adding design file 'src/testSIU_v7_gemini_1.cpp' to the project
INFO: [HLS 200-1510] Running: open_solution solution1 -flow_target vitis 
INFO: [HLS 200-10] Opening solution '/home/CONNECT/jhuang683/AccGPM_origin/subgraph_kernel_plan5_v1/solution1'.
INFO: [SYN 201-201] Setting up clock 'default' with a period of 4ns.
INFO: [HLS 200-1611] Setting target device to 'xcu55c-fsvh2892-2L-e'
INFO: [HLS 200-1505] Using flow_target 'vitis'
Resolution: For help on HLS 200-1505 see docs.xilinx.com/access/sources/dita/topic?Doc_Version=2023.2%20English&url=ug1448-hls-guidance&resourceid=200-1505.html
INFO: [HLS 200-1464] Running solution command: config_interface -m_axi_latency=64
INFO: [HLS 200-1464] Running solution command: config_interface -m_axi_alignment_byte_size=64
INFO: [HLS 200-1464] Running solution command: config_interface -m_axi_max_widen_bitwidth=512
INFO: [HLS 200-1464] Running solution command: config_interface -default_interface=kernel
INFO: [HLS 200-1464] Running solution command: config_rtl -register_reset_num=3
INFO: [HLS 200-1464] Running solution command: config_cosim -trace_level=all
INFO: [HLS 200-1464] Running solution command: config_export -version=2.0.1
INFO: [HLS 200-1510] Running: set_part xcu55c-fsvh2892-2L-e 
INFO: [HLS 200-1510] Running: create_clock -period 4 -name default 
INFO: [HLS 200-1510] Running: config_cosim -trace_level all 
INFO: [HLS 200-1510] Running: csynth_design 
INFO: [HLS 200-111] Finished File checks and directory preparation: CPU user time: 0.05 seconds. CPU system time: 0.02 seconds. Elapsed time: 0.2 seconds; current allocated memory: 286.715 MB.
INFO: [HLS 200-10] Analyzing design file 'src/testSIU_v7_gemini_1.cpp' ... 
INFO: [HLS 200-111] Finished Source Code Analysis and Preprocessing: CPU user time: 3.16 seconds. CPU system time: 0.84 seconds. Elapsed time: 4.26 seconds; current allocated memory: 291.773 MB.
INFO: [HLS 200-777] Using interface defaults for 'Vitis' flow target.
WARNING: [HLS 200-1995] There were 238,800 instructions in the design after the 'Compile/Link' phase of compilation. See the Design Size Report for more details: /home/CONNECT/jhuang683/AccGPM_origin/subgraph_kernel_plan5_v1/solution1/syn/report/csynth_design_size.rpt
WARNING: [HLS 200-1995] There were 260,504 instructions in the design after the 'Unroll/Inline (step 1)' phase of compilation. See the Design Size Report for more details: /home/CONNECT/jhuang683/AccGPM_origin/subgraph_kernel_plan5_v1/solution1/syn/report/csynth_design_size.rpt
WARNING: [HLS 200-1995] There were 203,560 instructions in the design after the 'Unroll/Inline (step 2)' phase of compilation. See the Design Size Report for more details: /home/CONNECT/jhuang683/AccGPM_origin/subgraph_kernel_plan5_v1/solution1/syn/report/csynth_design_size.rpt
WARNING: [HLS 200-1995] There were 174,570 instructions in the design after the 'Unroll/Inline (step 3)' phase of compilation. See the Design Size Report for more details: /home/CONNECT/jhuang683/AccGPM_origin/subgraph_kernel_plan5_v1/solution1/syn/report/csynth_design_size.rpt
WARNING: [HLS 200-1995] There were 103,986 instructions in the design after the 'Unroll/Inline (step 4)' phase of compilation. See the Design Size Report for more details: /home/CONNECT/jhuang683/AccGPM_origin/subgraph_kernel_plan5_v1/solution1/syn/report/csynth_design_size.rpt
WARNING: [HLS 200-1995] There were 108,290 instructions in the design after the 'Array/Struct (step 1)' phase of compilation. See the Design Size Report for more details: /home/CONNECT/jhuang683/AccGPM_origin/subgraph_kernel_plan5_v1/solution1/syn/report/csynth_design_size.rpt
INFO: [HLS 200-1995] There were 85,395 instructions in the design after the 'Array/Struct (step 2)' phase of compilation. See the Design Size Report for more details: /home/CONNECT/jhuang683/AccGPM_origin/subgraph_kernel_plan5_v1/solution1/syn/report/csynth_design_size.rpt
INFO: [HLS 200-1995] There were 85,947 instructions in the design after the 'Array/Struct (step 3)' phase of compilation. See the Design Size Report for more details: /home/CONNECT/jhuang683/AccGPM_origin/subgraph_kernel_plan5_v1/solution1/syn/report/csynth_design_size.rpt
WARNING: [HLS 200-1995] There were 117,534 instructions in the design after the 'Array/Struct (step 4)' phase of compilation. See the Design Size Report for more details: /home/CONNECT/jhuang683/AccGPM_origin/subgraph_kernel_plan5_v1/solution1/syn/report/csynth_design_size.rpt
WARNING: [HLS 200-1995] There were 115,952 instructions in the design after the 'Array/Struct (step 5)' phase of compilation. See the Design Size Report for more details: /home/CONNECT/jhuang683/AccGPM_origin/subgraph_kernel_plan5_v1/solution1/syn/report/csynth_design_size.rpt
WARNING: [HLS 200-1995] There were 111,516 instructions in the design after the 'Performance (step 1)' phase of compilation. See the Design Size Report for more details: /home/CONNECT/jhuang683/AccGPM_origin/subgraph_kernel_plan5_v1/solution1/syn/report/csynth_design_size.rpt
WARNING: [HLS 200-1995] There were 101,631 instructions in the design after the 'Performance (step 2)' phase of compilation. See the Design Size Report for more details: /home/CONNECT/jhuang683/AccGPM_origin/subgraph_kernel_plan5_v1/solution1/syn/report/csynth_design_size.rpt
WARNING: [HLS 200-1995] There were 101,631 instructions in the design after the 'Performance (step 3)' phase of compilation. See the Design Size Report for more details: /home/CONNECT/jhuang683/AccGPM_origin/subgraph_kernel_plan5_v1/solution1/syn/report/csynth_design_size.rpt
INFO: [HLS 200-1995] There were 99,471 instructions in the design after the 'Performance (step 4)' phase of compilation. See the Design Size Report for more details: /home/CONNECT/jhuang683/AccGPM_origin/subgraph_kernel_plan5_v1/solution1/syn/report/csynth_design_size.rpt
INFO: [HLS 200-1995] There were 97,189 instructions in the design after the 'HW Transforms (step 1)' phase of compilation. See the Design Size Report for more details: /home/CONNECT/jhuang683/AccGPM_origin/subgraph_kernel_plan5_v1/solution1/syn/report/csynth_design_size.rpt
WARNING: [HLS 200-1995] There were 102,949 instructions in the design after the 'HW Transforms (step 2)' phase of compilation. See the Design Size Report for more details: /home/CONNECT/jhuang683/AccGPM_origin/subgraph_kernel_plan5_v1/solution1/syn/report/csynth_design_size.rpt
INFO: [HLS 214-131] Inlining function 'plan5_check_new_lt_bound(LevelConfig const&, int, int)' into 'plan5_expand_nbr_stage(LevelConfig const&, data_t const*, int const*, int, hls::stream<Embedding5, 0>&, hls::stream<Embedding5, 0>&)' (src/kernel/task_executor_v16_origin8.hpp:283:22)
INFO: [HLS 214-131] Inlining function 'plan5_resolve_bound(LevelConfig const&, Embedding5 const&)' into 'plan5_expand_nbr_stage(LevelConfig const&, data_t const*, int const*, int, hls::stream<Embedding5, 0>&, hls::stream<Embedding5, 0>&)' (src/kernel/task_executor_v16_origin8.hpp:266:27)
INFO: [HLS 214-131] Inlining function 'apply_upper_bound_and_filter(data_t const&, int, bool&)' into 'Feeder_FIFO_MIN_stage(data_t const*, int, data_t const*, int, int, hls::stream<process_data_vector, 0>&, hls::stream<bool, 0>&)' (src/kernel/siu_core_6.hpp:466:27)
INFO: [HLS 214-131] Inlining function 'apply_upper_bound_and_filter(data_t const&, int, bool&)' into 'Feeder_FIFO_MIN_stage(data_t const*, int, data_t const*, int, int, hls::stream<process_data_vector, 0>&, hls::stream<bool, 0>&)' (src/kernel/siu_core_6.hpp:483:27)
INFO: [HLS 214-131] Inlining function 'single_cas_stage(process_data_vector const&, process_data_vector&, int)' into 'CAS_stage_stream_fifo(hls::stream<process_data_vector, 0>&, hls::stream<process_data_vector, 0>&, hls::stream<bool, 0>&, hls::stream<bool, 0>&)' (src/kernel/siu_core_6.hpp:630:2)
INFO: [HLS 214-131] Inlining function 'plan5_check_new_lt_bound(LevelConfig const&, int, int)' into 'plan5_intersect_emit_stage(LevelConfig const&, data_t const*, data_t const*, int const*, int, hls::stream<Embedding5, 0>&, hls::stream<Embedding5, 0>&)' (src/kernel/task_executor_v16_origin8.hpp:385:22)
INFO: [HLS 214-131] Inlining function 'plan5_resolve_bound(LevelConfig const&, Embedding5 const&)' into 'plan5_intersect_emit_stage(LevelConfig const&, data_t const*, data_t const*, int const*, int, hls::stream<Embedding5, 0>&, hls::stream<Embedding5, 0>&)' (src/kernel/task_executor_v16_origin8.hpp:346:27)
INFO: [HLS 214-377] Adding 'ref.tmp27' into disaggregation list because there's array-partition pragma applied on the struct field (src/kernel/task_executor_v16_origin8.hpp:235:24)
INFO: [HLS 214-377] Adding 'e' into disaggregation list because there's array-partition pragma applied on the struct field (src/kernel/task_executor_v16_origin8.hpp:220:9)
INFO: [HLS 214-377] Adding 'out' into disaggregation list because there's array-partition pragma applied on the struct field (src/kernel/task_executor_v16_origin8.hpp:288:9)
INFO: [HLS 214-377] Adding 'IR_AFTER_MIN' into disaggregation list because there's array-partition pragma applied on the struct field (src/kernel/siu_core_6.hpp:523:9)
INFO: [HLS 214-377] Adding 'pending_ir' into disaggregation list because there's array-partition pragma applied on the struct field (src/kernel/siu_core_6.hpp:500:9)
INFO: [HLS 214-377] Adding 'IR_AFTER_CAS' into disaggregation list because there's array-partition pragma applied on the struct field (src/kernel/siu_core_6.hpp:634:9)
INFO: [HLS 214-377] Adding 'IR_AFTER_MIN' into disaggregation list because there's array-partition pragma applied on the struct field (src/kernel/siu_core_6.hpp:618:9)
INFO: [HLS 214-377] Adding 'IR_AFTER_Merge' into disaggregation list because there's array-partition pragma applied on the struct field (src/kernel/siu_core_6.hpp:667:9)
INFO: [HLS 214-377] Adding 'IR_AFTER_CAS' into disaggregation list because there's array-partition pragma applied on the struct field (src/kernel/siu_core_6.hpp:665:9)
INFO: [HLS 214-377] Adding 'IR_AFTER_Merge' into disaggregation list because there's array-partition pragma applied on the struct field (src/kernel/siu_core_6.hpp:739:9)
INFO: [HLS 214-377] Adding 'out' into disaggregation list because there's array-partition pragma applied on the struct field (src/kernel/task_executor_v16_origin8.hpp:390:9)
INFO: [HLS 214-210] Disaggregating variable 'e' (src/kernel/task_executor_v16_origin8.hpp:219:13)
Resolution: For help on HLS 214-210 see docs.xilinx.com/access/sources/dita/topic?Doc_Version=2023.2%20English&url=ug1448-hls-guidance&resourceid=214-210.html
INFO: [HLS 214-210] Disaggregating variable 'out' (src/kernel/task_executor_v16_origin8.hpp:287:28)
Resolution: For help on HLS 214-210 see docs.xilinx.com/access/sources/dita/topic?Doc_Version=2023.2%20English&url=ug1448-hls-guidance&resourceid=214-210.html
INFO: [HLS 214-210] Disaggregating variable 'IR_AFTER_MIN' (src/kernel/siu_core_6.hpp:522:29)
Resolution: For help on HLS 214-210 see docs.xilinx.com/access/sources/dita/topic?Doc_Version=2023.2%20English&url=ug1448-hls-guidance&resourceid=214-210.html
INFO: [HLS 214-210] Disaggregating variable 'pending_ir' (src/kernel/siu_core_6.hpp:499:25)
Resolution: For help on HLS 214-210 see docs.xilinx.com/access/sources/dita/topic?Doc_Version=2023.2%20English&url=ug1448-hls-guidance&resourceid=214-210.html
INFO: [HLS 214-210] Disaggregating variable 'IR_AFTER_CAS' (src/kernel/siu_core_6.hpp:633:29)
Resolution: For help on HLS 214-210 see docs.xilinx.com/access/sources/dita/topic?Doc_Version=2023.2%20English&url=ug1448-hls-guidance&resourceid=214-210.html
INFO: [HLS 214-210] Disaggregating variable 'IR_AFTER_MIN' (src/kernel/siu_core_6.hpp:616:22)
Resolution: For help on HLS 214-210 see docs.xilinx.com/access/sources/dita/topic?Doc_Version=2023.2%20English&url=ug1448-hls-guidance&resourceid=214-210.html
INFO: [HLS 214-210] Disaggregating variable 'IR_AFTER_Merge' (src/kernel/siu_core_6.hpp:666:22)
Resolution: For help on HLS 214-210 see docs.xilinx.com/access/sources/dita/topic?Doc_Version=2023.2%20English&url=ug1448-hls-guidance&resourceid=214-210.html
INFO: [HLS 214-210] Disaggregating variable 'IR_AFTER_CAS' (src/kernel/siu_core_6.hpp:663:22)
Resolution: For help on HLS 214-210 see docs.xilinx.com/access/sources/dita/topic?Doc_Version=2023.2%20English&url=ug1448-hls-guidance&resourceid=214-210.html
INFO: [HLS 214-210] Disaggregating variable 'IR_AFTER_Merge' (src/kernel/siu_core_6.hpp:737:29)
Resolution: For help on HLS 214-210 see docs.xilinx.com/access/sources/dita/topic?Doc_Version=2023.2%20English&url=ug1448-hls-guidance&resourceid=214-210.html
INFO: [HLS 214-210] Disaggregating variable 'out' (src/kernel/task_executor_v16_origin8.hpp:389:28)
Resolution: For help on HLS 214-210 see docs.xilinx.com/access/sources/dita/topic?Doc_Version=2023.2%20English&url=ug1448-hls-guidance&resourceid=214-210.html
INFO: [HLS 214-210] Disaggregating variable 'ref.tmp27'
Resolution: For help on HLS 214-210 see docs.xilinx.com/access/sources/dita/topic?Doc_Version=2023.2%20English&url=ug1448-hls-guidance&resourceid=214-210.html
INFO: [HLS 214-291] Loop 'EMIT_BITS' is marked as complete unroll implied by the pipeline pragma (src/kernel/task_executor_v16_origin8.hpp:381:13)
INFO: [HLS 214-291] Loop 'VITIS_LOOP_844_1' is marked as complete unroll implied by the pipeline pragma (src/kernel/siu_core_6.hpp:844:27)
INFO: [HLS 214-291] Loop 'READ_BATCH' is marked as complete unroll implied by the pipeline pragma (src/kernel/siu_core_6.hpp:862:9)
INFO: [HLS 214-291] Loop 'PACKED_WRITE' is marked as complete unroll implied by the pipeline pragma (src/kernel/siu_core_6.hpp:873:9)
INFO: [HLS 214-291] Loop 'VITIS_LOOP_728_1' is marked as complete unroll implied by the pipeline pragma (src/kernel/siu_core_6.hpp:728:27)
INFO: [HLS 214-291] Loop 'Compact_valid_loop' is marked as complete unroll implied by the pipeline pragma (src/kernel/siu_core_6.hpp:750:9)
INFO: [HLS 214-291] Loop 'Compact_prefix_loop' is marked as complete unroll implied by the pipeline pragma (src/kernel/siu_core_6.hpp:757:9)
INFO: [HLS 214-291] Loop 'Compact_prefill_loop' is marked as complete unroll implied by the pipeline pragma (src/kernel/siu_core_6.hpp:764:9)
INFO: [HLS 214-291] Loop 'Compact_scatter_loop' is marked as complete unroll implied by the pipeline pragma (src/kernel/siu_core_6.hpp:770:9)
INFO: [HLS 214-291] Loop 'Write_output_loop_fifo' is marked as complete unroll implied by the pipeline pragma (src/kernel/siu_core_6.hpp:778:9)
INFO: [HLS 214-291] Loop 'anonymous' is marked as complete unroll implied by the pipeline pragma (src/kernel/siu_core_6.hpp:669:17)
INFO: [HLS 214-291] Loop 'READ_MERGE_LOOP' is marked as complete unroll implied by the pipeline pragma (src/kernel/siu_core_6.hpp:673:9)
INFO: [HLS 214-291] Loop 'Merge_stage_loop' is marked as complete unroll implied by the pipeline pragma (src/kernel/siu_core_6.hpp:679:9)
INFO: [HLS 214-291] Loop 'anonymous' is marked as complete unroll implied by the pipeline pragma (src/kernel/siu_core_6.hpp:619:22)
INFO: [HLS 214-291] Loop 'CAS_stage_init' is marked as complete unroll implied by the pipeline pragma (src/kernel/siu_core_6.hpp:623:9)
INFO: [HLS 214-291] Loop 'CAS_stages_loop' is marked as complete unroll implied by the pipeline pragma (src/kernel/siu_core_6.hpp:628:9)
INFO: [HLS 214-291] Loop 'CAS_Loop' is marked as complete unroll implied by the pipeline pragma (src/kernel/siu_core_6.hpp:24:5)
INFO: [HLS 214-291] Loop 'CAS_STRIDE_LOOP' is marked as complete unroll implied by the pipeline pragma (src/kernel/siu_core_6.hpp:28:9)
INFO: [HLS 214-291] Loop 'CAS_stage_output' is marked as complete unroll implied by the pipeline pragma (src/kernel/siu_core_6.hpp:636:9)
INFO: [HLS 214-291] Loop 'check_empty_lanes' is marked as complete unroll implied by the pipeline pragma (src/kernel/siu_core_6.hpp:515:9)
INFO: [HLS 214-291] Loop 'init_pop_flags' is marked as complete unroll implied by the pipeline pragma (src/kernel/siu_core_6.hpp:545:9)
INFO: [HLS 214-291] Loop 'build_min_vector' is marked as complete unroll implied by the pipeline pragma (src/kernel/siu_core_6.hpp:552:9)
INFO: [HLS 214-291] Loop 'pop_fifoA' is marked as complete unroll implied by the pipeline pragma (src/kernel/siu_core_6.hpp:577:9)
INFO: [HLS 214-291] Loop 'pop_fifoB' is marked as complete unroll implied by the pipeline pragma (src/kernel/siu_core_6.hpp:585:9)
INFO: [HLS 214-291] Loop 'empty_loop' is marked as complete unroll implied by the pipeline pragma (src/kernel/siu_core_6.hpp:528:13)
INFO: [HLS 214-291] Loop 'anonymous' is marked as complete unroll implied by the pipeline pragma (src/merge_kernel_SIU_v8_gemini_1.h:194:8)
INFO: [HLS 214-291] Loop 'BIT_LOOP' is marked as complete unroll implied by the pipeline pragma (src/kernel/task_executor_v16_origin8.hpp:279:13)
INFO: [HLS 214-291] Loop 'VITIS_LOOP_221_1' is marked as complete unroll implied by the pipeline pragma (src/kernel/task_executor_v16_origin8.hpp:221:20)
INFO: [HLS 214-186] Unrolling loop 'CFG_INIT' (src/kernel/task_executor_v16_origin8.hpp:544:5) in function 'plan5_pipeline_pe' completely with a factor of 5 (src/kernel/task_executor_v16_origin8.hpp:506:0)
INFO: [HLS 214-186] Unrolling loop 'EMIT_BITS' (src/kernel/task_executor_v16_origin8.hpp:381:13) in function 'plan5_intersect_emit_stage' completely with a factor of 8 (src/kernel/task_executor_v16_origin8.hpp:310:0)
WARNING: [HLS 214-189] Pipeline directive for loop 'EMIT_BITS' (src/kernel/task_executor_v16_origin8.hpp:381:13) in function 'plan5_intersect_emit_stage' has been removed because the loop is unrolled completely (src/kernel/task_executor_v16_origin8.hpp:310:0)
INFO: [HLS 214-186] Unrolling loop 'VITIS_LOOP_844_1' (src/kernel/siu_core_6.hpp:844:27) in function 'plan5_store_intersection_blocks_fifo' completely with a factor of 8 (src/kernel/siu_core_6.hpp:835:0)
INFO: [HLS 214-186] Unrolling loop 'READ_BATCH' (src/kernel/siu_core_6.hpp:862:9) in function 'plan5_store_intersection_blocks_fifo' completely with a factor of 8 (src/kernel/siu_core_6.hpp:835:0)
INFO: [HLS 214-186] Unrolling loop 'PACKED_WRITE' (src/kernel/siu_core_6.hpp:873:9) in function 'plan5_store_intersection_blocks_fifo' completely with a factor of 8 (src/kernel/siu_core_6.hpp:835:0)
INFO: [HLS 214-186] Unrolling loop 'VITIS_LOOP_728_1' (src/kernel/siu_core_6.hpp:728:27) in function 'Compact_stage_stream_fifo' completely with a factor of 8 (src/kernel/siu_core_6.hpp:720:0)
INFO: [HLS 214-186] Unrolling loop 'Compact_valid_loop' (src/kernel/siu_core_6.hpp:750:9) in function 'Compact_stage_stream_fifo' completely with a factor of 8 (src/kernel/siu_core_6.hpp:720:0)
INFO: [HLS 214-186] Unrolling loop 'Compact_prefix_loop' (src/kernel/siu_core_6.hpp:757:9) in function 'Compact_stage_stream_fifo' completely with a factor of 8 (src/kernel/siu_core_6.hpp:720:0)
INFO: [HLS 214-186] Unrolling loop 'Compact_prefill_loop' (src/kernel/siu_core_6.hpp:764:9) in function 'Compact_stage_stream_fifo' completely with a factor of 8 (src/kernel/siu_core_6.hpp:720:0)
INFO: [HLS 214-186] Unrolling loop 'Compact_scatter_loop' (src/kernel/siu_core_6.hpp:770:9) in function 'Compact_stage_stream_fifo' completely with a factor of 8 (src/kernel/siu_core_6.hpp:720:0)
INFO: [HLS 214-186] Unrolling loop 'Write_output_loop_fifo' (src/kernel/siu_core_6.hpp:778:9) in function 'Compact_stage_stream_fifo' completely with a factor of 8 (src/kernel/siu_core_6.hpp:720:0)
INFO: [HLS 214-186] Unrolling loop 'anonymous' (src/kernel/siu_core_6.hpp:669:17) in function 'Merge_stage_stream_fifo' completely with a factor of 8 (src/kernel/siu_core_6.hpp:652:0)
INFO: [HLS 214-186] Unrolling loop 'READ_MERGE_LOOP' (src/kernel/siu_core_6.hpp:673:9) in function 'Merge_stage_stream_fifo' completely with a factor of 8 (src/kernel/siu_core_6.hpp:652:0)
INFO: [HLS 214-186] Unrolling loop 'Merge_stage_loop' (src/kernel/siu_core_6.hpp:679:9) in function 'Merge_stage_stream_fifo' completely with a factor of 8 (src/kernel/siu_core_6.hpp:652:0)
INFO: [HLS 214-186] Unrolling loop 'anonymous' (src/kernel/siu_core_6.hpp:619:22) in function 'CAS_stage_stream_fifo' completely with a factor of 4 (src/kernel/siu_core_6.hpp:610:0)
INFO: [HLS 214-186] Unrolling loop 'CAS_stage_init' (src/kernel/siu_core_6.hpp:623:9) in function 'CAS_stage_stream_fifo' completely with a factor of 8 (src/kernel/siu_core_6.hpp:610:0)
INFO: [HLS 214-186] Unrolling loop 'CAS_stages_loop' (src/kernel/siu_core_6.hpp:628:9) in function 'CAS_stage_stream_fifo' completely with a factor of 3 (src/kernel/siu_core_6.hpp:610:0)
INFO: [HLS 214-186] Unrolling loop 'CAS_Loop' (src/kernel/siu_core_6.hpp:24:5) in function 'CAS_stage_stream_fifo' completely with a factor of 4 (src/kernel/siu_core_6.hpp:610:0)
INFO: [HLS 214-186] Unrolling loop 'CAS_STRIDE_LOOP' (src/kernel/siu_core_6.hpp:28:9) in function 'CAS_stage_stream_fifo' completely with a factor of 1 (src/kernel/siu_core_6.hpp:610:0)
INFO: [HLS 214-186] Unrolling loop 'CAS_Loop' (src/kernel/siu_core_6.hpp:24:5) in function 'CAS_stage_stream_fifo' completely with a factor of 2 (src/kernel/siu_core_6.hpp:610:0)
INFO: [HLS 214-186] Unrolling loop 'CAS_STRIDE_LOOP' (src/kernel/siu_core_6.hpp:28:9) in function 'CAS_stage_stream_fifo' completely with a factor of 2 (src/kernel/siu_core_6.hpp:610:0)
INFO: [HLS 214-186] Unrolling loop 'CAS_Loop' (src/kernel/siu_core_6.hpp:24:5) in function 'CAS_stage_stream_fifo' completely with a factor of 1 (src/kernel/siu_core_6.hpp:610:0)
INFO: [HLS 214-186] Unrolling loop 'CAS_STRIDE_LOOP' (src/kernel/siu_core_6.hpp:28:9) in function 'CAS_stage_stream_fifo' completely with a factor of 4 (src/kernel/siu_core_6.hpp:610:0)
INFO: [HLS 214-186] Unrolling loop 'CAS_stage_output' (src/kernel/siu_core_6.hpp:636:9) in function 'CAS_stage_stream_fifo' completely with a factor of 8 (src/kernel/siu_core_6.hpp:610:0)
INFO: [HLS 214-186] Unrolling loop 'check_empty_lanes' (src/kernel/siu_core_6.hpp:515:9) in function 'Feeder_FIFO_MIN_stage' completely with a factor of 8 (src/kernel/siu_core_6.hpp:429:0)
INFO: [HLS 214-186] Unrolling loop 'init_pop_flags' (src/kernel/siu_core_6.hpp:545:9) in function 'Feeder_FIFO_MIN_stage' completely with a factor of 8 (src/kernel/siu_core_6.hpp:429:0)
INFO: [HLS 214-186] Unrolling loop 'build_min_vector' (src/kernel/siu_core_6.hpp:552:9) in function 'Feeder_FIFO_MIN_stage' completely with a factor of 8 (src/kernel/siu_core_6.hpp:429:0)
INFO: [HLS 214-186] Unrolling loop 'pop_fifoA' (src/kernel/siu_core_6.hpp:577:9) in function 'Feeder_FIFO_MIN_stage' completely with a factor of 8 (src/kernel/siu_core_6.hpp:429:0)
INFO: [HLS 214-186] Unrolling loop 'pop_fifoB' (src/kernel/siu_core_6.hpp:585:9) in function 'Feeder_FIFO_MIN_stage' completely with a factor of 8 (src/kernel/siu_core_6.hpp:429:0)
INFO: [HLS 214-186] Unrolling loop 'empty_loop' (src/kernel/siu_core_6.hpp:528:13) in function 'Feeder_FIFO_MIN_stage' completely with a factor of 8 (src/kernel/siu_core_6.hpp:429:0)
INFO: [HLS 214-186] Unrolling loop 'init_fifo_ptrs' (src/kernel/siu_core_6.hpp:448:5) in function 'Feeder_FIFO_MIN_stage' completely with a factor of 8 (src/kernel/siu_core_6.hpp:429:0)
INFO: [HLS 214-186] Unrolling loop 'anonymous' (src/merge_kernel_SIU_v8_gemini_1.h:194:8) in function 'process_data_vector::process_data_vector' completely with a factor of 8 (src/merge_kernel_SIU_v8_gemini_1.h:194:0)
INFO: [HLS 214-186] Unrolling loop 'BIT_LOOP' (src/kernel/task_executor_v16_origin8.hpp:279:13) in function 'plan5_expand_nbr_stage' completely with a factor of 8 (src/kernel/task_executor_v16_origin8.hpp:246:0)
WARNING: [HLS 214-189] Pipeline directive for loop 'BIT_LOOP' (src/kernel/task_executor_v16_origin8.hpp:279:13) in function 'plan5_expand_nbr_stage' has been removed because the loop is unrolled completely (src/kernel/task_executor_v16_origin8.hpp:246:0)
INFO: [HLS 214-186] Unrolling loop 'SEND_EOS' (src/kernel/task_executor_v16_origin8.hpp:233:5) in function 'plan5_scan_all_stage' completely with a factor of 4 (src/kernel/task_executor_v16_origin8.hpp:208:0)
INFO: [HLS 214-186] Unrolling loop 'VITIS_LOOP_221_1' (src/kernel/task_executor_v16_origin8.hpp:221:20) in function 'plan5_scan_all_stage' completely with a factor of 5 (src/kernel/task_executor_v16_origin8.hpp:208:0)
WARNING: [HLS 214-366] Duplicating function 'process_data_t::process_data_t()' as different function signatures were detected between this call site and other call site(s). This may impact the resources used in the design. (src/kernel/siu_core_6.hpp:655:17)
WARNING: [HLS 214-366] Duplicating function 'process_data_vector::process_data_vector()' as different function signatures were detected between this call site and other call site(s). This may impact the resources used in the design. (src/kernel/siu_core_6.hpp:737:64)
WARNING: [HLS 214-366] Duplicating function 'process_data_vector::process_data_vector()' as different function signatures were detected between this call site and other call site(s). This may impact the resources used in the design. (src/kernel/siu_core_6.hpp:663:54)
WARNING: [HLS 214-366] Duplicating function 'process_data_vector::process_data_vector()' as different function signatures were detected between this call site and other call site(s). This may impact the resources used in the design. (src/kernel/siu_core_6.hpp:666:22)
WARNING: [HLS 214-366] Duplicating function 'process_data_vector::process_data_vector()' as different function signatures were detected between this call site and other call site(s). This may impact the resources used in the design. (src/kernel/siu_core_6.hpp:616:51)
WARNING: [HLS 214-366] Duplicating function 'process_data_vector::process_data_vector()' as different function signatures were detected between this call site and other call site(s). This may impact the resources used in the design. (src/kernel/siu_core_6.hpp:633:29)
WARNING: [HLS 214-366] Duplicating function 'process_data_vector::process_data_vector()' as different function signatures were detected between this call site and other call site(s). This may impact the resources used in the design. (src/kernel/siu_core_6.hpp:499:25)
WARNING: [HLS 214-366] Duplicating function 'process_data_vector::process_data_vector()' as different function signatures were detected between this call site and other call site(s). This may impact the resources used in the design. (src/kernel/siu_core_6.hpp:522:29)
WARNING: [HLS 214-366] Duplicating function 'data_t::padding_element() (.36)' as different function signatures were detected between this call site and other call site(s). This may impact the resources used in the design. (src/merge_kernel_SIU_v8_gemini_1.h:83:37)
WARNING: [HLS 214-366] Duplicating function 'data_t::data_t(ap_uint<24>, ap_uint<8>) (.39)' as different function signatures were detected between this call site and other call site(s). This may impact the resources used in the design. (src/merge_kernel_SIU_v8_gemini_1.h:52:16)
WARNING: [HLS 214-366] Duplicating function 'data_t::set(ap_uint<24>, ap_uint<8>) (.42)' as different function signatures were detected between this call site and other call site(s). This may impact the resources used in the design. (src/merge_kernel_SIU_v8_gemini_1.h:24:43)
WARNING: [HLS 214-366] Duplicating function 'data_t::set_bitmap(ap_uint<8>)' as different function signatures were detected between this call site and other call site(s). This may impact the resources used in the design. (src/kernel/siu_core_6.hpp:407:21)
WARNING: [HLS 214-366] Duplicating function 'data_t::set_bitmap(ap_uint<8>)' as different function signatures were detected between this call site and other call site(s). This may impact the resources used in the design. (src/kernel/siu_core_6.hpp:410:21)
WARNING: [HLS 214-366] Duplicating function 'data_t::set_bitmap(ap_uint<8>)' as different function signatures were detected between this call site and other call site(s). This may impact the resources used in the design. (src/merge_kernel_SIU_v8_gemini_1.h:28:9)
WARNING: [HLS 214-366] Duplicating function 'data_t::set_index(ap_uint<24>)' as different function signatures were detected between this call site and other call site(s). This may impact the resources used in the design. (src/merge_kernel_SIU_v8_gemini_1.h:27:9)
WARNING: [HLS 214-366] Duplicating function 'data_t::isPadding() const (.33)' as different function signatures were detected between this call site and other call site(s). This may impact the resources used in the design. (src/kernel/siu_core_6.hpp:752:50)
WARNING: [HLS 214-366] Duplicating function 'data_t::isPadding() const (.33)' as different function signatures were detected between this call site and other call site(s). This may impact the resources used in the design. (src/kernel/siu_core_6.hpp:865:32)
WARNING: [HLS 214-366] Duplicating function 'data_t::isPadding() const (.33)' as different function signatures were detected between this call site and other call site(s). This may impact the resources used in the design. (src/kernel/siu_core_6.hpp:392:12)
WARNING: [HLS 214-366] Duplicating function 'data_t::get_index() const (.15)' as different function signatures were detected between this call site and other call site(s). This may impact the resources used in the design. (src/kernel/siu_core_6.hpp:563:82)
WARNING: [HLS 214-366] Duplicating function 'data_t::get_index() const (.15)' as different function signatures were detected between this call site and other call site(s). This may impact the resources used in the design. (src/kernel/siu_core_6.hpp:563:65)
WARNING: [HLS 214-366] Duplicating function 'data_t::get_index() const (.15)' as different function signatures were detected between this call site and other call site(s). This may impact the resources used in the design. (src/kernel/siu_core_6.hpp:46:82)
WARNING: [HLS 214-366] Duplicating function 'data_t::get_index() const (.15)' as different function signatures were detected between this call site and other call site(s). This may impact the resources used in the design. (src/kernel/siu_core_6.hpp:46:48)
WARNING: [HLS 214-366] Duplicating function 'data_t::get_index() const (.15)' as different function signatures were detected between this call site and other call site(s). This may impact the resources used in the design. (src/kernel/siu_core_6.hpp:688:86)
WARNING: [HLS 214-366] Duplicating function 'data_t::get_index() const (.15)' as different function signatures were detected between this call site and other call site(s). This may impact the resources used in the design. (src/kernel/siu_core_6.hpp:688:44)
WARNING: [HLS 214-366] Duplicating function 'data_t::get_index() const (.15)' as different function signatures were detected between this call site and other call site(s). This may impact the resources used in the design. (src/kernel/task_executor_v16_origin8.hpp:272:39)
WARNING: [HLS 214-366] Duplicating function 'data_t::get_index() const (.15)' as different function signatures were detected between this call site and other call site(s). This may impact the resources used in the design. (src/kernel/task_executor_v16_origin8.hpp:374:39)
WARNING: [HLS 214-366] Duplicating function 'data_t::get_index() const (.15)' as different function signatures were detected between this call site and other call site(s). This may impact the resources used in the design. (src/kernel/siu_core_6.hpp:397:20)
WARNING: [HLS 214-366] Duplicating function 'data_t::get_index() const (.15)' as different function signatures were detected between this call site and other call site(s). This may impact the resources used in the design. (src/merge_kernel_SIU_v8_gemini_1.h:48:16)
INFO: [HLS 214-178] Inlining function 'Embedding5::is_eos() const' into 'plan5_forward_stage(hls::stream<Embedding5, 0>&, hls::stream<Embedding5, 0>&)' (src/kernel/task_executor_v16_origin8.hpp:193:0)
INFO: [HLS 214-178] Inlining function 'Embedding5::is_eos() const' into 'plan5_expand_nbr_stage(LevelConfig const&, data_t const*, int const*, int, hls::stream<Embedding5, 0>&, hls::stream<Embedding5, 0>&) (.117.208)' (src/kernel/task_executor_v16_origin8.hpp:246:0)
INFO: [HLS 214-178] Inlining function 'data_t::get_index() const (.15.412)' into 'plan5_expand_nbr_stage(LevelConfig const&, data_t const*, int const*, int, hls::stream<Embedding5, 0>&, hls::stream<Embedding5, 0>&) (.117.208)' (src/kernel/task_executor_v16_origin8.hpp:246:0)
INFO: [HLS 214-178] Inlining function 'data_t::get_bitmap() const' into 'plan5_expand_nbr_stage(LevelConfig const&, data_t const*, int const*, int, hls::stream<Embedding5, 0>&, hls::stream<Embedding5, 0>&) (.117.208)' (src/kernel/task_executor_v16_origin8.hpp:246:0)
INFO: [HLS 214-178] Inlining function 'data_t::get_index() const (.15)' into 'data_t::isPadding() const (.33.411)' (src/merge_kernel_SIU_v8_gemini_1.h:47:0)
INFO: [HLS 214-178] Inlining function 'data_t::set_index(ap_uint<24>) (.410)' into 'data_t::set(ap_uint<24>, ap_uint<8>) (.42)' (src/merge_kernel_SIU_v8_gemini_1.h:26:0)
INFO: [HLS 214-178] Inlining function 'data_t::set_bitmap(ap_uint<8>) (.409)' into 'data_t::set(ap_uint<24>, ap_uint<8>) (.42)' (src/merge_kernel_SIU_v8_gemini_1.h:26:0)
INFO: [HLS 214-178] Inlining function 'data_t::set(ap_uint<24>, ap_uint<8>) (.42)' into 'data_t::data_t(ap_uint<24>, ap_uint<8>) (.39.407)' (src/merge_kernel_SIU_v8_gemini_1.h:24:0)
INFO: [HLS 214-178] Inlining function 'data_t::data_t(ap_uint<24>, ap_uint<8>) (.39.407)' into 'data_t::padding_element() (.36)' (src/merge_kernel_SIU_v8_gemini_1.h:51:0)
INFO: [HLS 214-178] Inlining function 'data_t::get_index() const (.15.412)' into 'data_t::isPadding() const (.33)' (src/merge_kernel_SIU_v8_gemini_1.h:47:0)
INFO: [HLS 214-178] Inlining function 'data_t::set_index(ap_uint<24>)' into 'data_t::set(ap_uint<24>, ap_uint<8>) (.42.408)' (src/merge_kernel_SIU_v8_gemini_1.h:26:0)
INFO: [HLS 214-178] Inlining function 'data_t::set_bitmap(ap_uint<8>)' into 'data_t::set(ap_uint<24>, ap_uint<8>) (.42.408)' (src/merge_kernel_SIU_v8_gemini_1.h:26:0)
INFO: [HLS 214-178] Inlining function 'data_t::set(ap_uint<24>, ap_uint<8>) (.42.408)' into 'data_t::data_t(ap_uint<24>, ap_uint<8>) (.39)' (src/merge_kernel_SIU_v8_gemini_1.h:24:0)
INFO: [HLS 214-178] Inlining function 'data_t::data_t(ap_uint<24>, ap_uint<8>) (.39)' into 'data_t::padding_element() (.36.406)' (src/merge_kernel_SIU_v8_gemini_1.h:51:0)
INFO: [HLS 214-178] Inlining function 'data_t::padding_element() (.36.406)' into 'process_data_t::process_data_t() (.62.68)' (src/merge_kernel_SIU_v8_gemini_1.h:83:0)
INFO: [HLS 214-178] Inlining function 'process_data_t::process_data_t() (.62.68)' into 'process_data_vector::process_data_vector() (.405)' (src/merge_kernel_SIU_v8_gemini_1.h:194:0)
INFO: [HLS 214-178] Inlining function 'data_t::isPadding() const (.33.411)' into 'Feeder_FIFO_MIN_stage(data_t const*, int, data_t const*, int, int, hls::stream<process_data_vector, 0>&, hls::stream<bool, 0>&)' (src/kernel/siu_core_6.hpp:429:0)
INFO: [HLS 214-178] Inlining function 'data_t::get_index() const (.15.412)' into 'Feeder_FIFO_MIN_stage(data_t const*, int, data_t const*, int, int, hls::stream<process_data_vector, 0>&, hls::stream<bool, 0>&)' (src/kernel/siu_core_6.hpp:429:0)
INFO: [HLS 214-178] Inlining function 'data_t::set_bitmap(ap_uint<8>) (.409)' into 'Feeder_FIFO_MIN_stage(data_t const*, int, data_t const*, int, int, hls::stream<process_data_vector, 0>&, hls::stream<bool, 0>&)' (src/kernel/siu_core_6.hpp:429:0)
INFO: [HLS 214-178] Inlining function 'data_t::get_bitmap() const' into 'Feeder_FIFO_MIN_stage(data_t const*, int, data_t const*, int, int, hls::stream<process_data_vector, 0>&, hls::stream<bool, 0>&)' (src/kernel/siu_core_6.hpp:429:0)
INFO: [HLS 214-178] Inlining function 'process_data_vector::process_data_vector() (.405)' into 'Feeder_FIFO_MIN_stage(data_t const*, int, data_t const*, int, int, hls::stream<process_data_vector, 0>&, hls::stream<bool, 0>&)' (src/kernel/siu_core_6.hpp:429:0)
INFO: [HLS 214-178] Inlining function 'process_data_t::process_data_t() (.62.68)' into 'process_data_vector::process_data_vector()' (src/merge_kernel_SIU_v8_gemini_1.h:194:0)
INFO: [HLS 214-178] Inlining function 'data_t::get_index() const' into 'data_t::isPadding() const' (src/merge_kernel_SIU_v8_gemini_1.h:47:0)
INFO: [HLS 214-178] Inlining function 'process_data_vector::process_data_vector() (.405)' into 'CAS_stage_stream_fifo(hls::stream<process_data_vector, 0>&, hls::stream<process_data_vector, 0>&, hls::stream<bool, 0>&, hls::stream<bool, 0>&)' (src/kernel/siu_core_6.hpp:610:0)
INFO: [HLS 214-178] Inlining function 'process_data_vector::process_data_vector()' into 'CAS_stage_stream_fifo(hls::stream<process_data_vector, 0>&, hls::stream<process_data_vector, 0>&, hls::stream<bool, 0>&, hls::stream<bool, 0>&)' (src/kernel/siu_core_6.hpp:610:0)
INFO: [HLS 214-178] Inlining function 'data_t::get_index() const (.15.412)' into 'CAS_stage_stream_fifo(hls::stream<process_data_vector, 0>&, hls::stream<process_data_vector, 0>&, hls::stream<bool, 0>&, hls::stream<bool, 0>&)' (src/kernel/siu_core_6.hpp:610:0)
INFO: [HLS 214-178] Inlining function 'data_t::set_index(ap_uint<24>) (.28)' into 'data_t::set(ap_uint<24>, ap_uint<8>)' (src/merge_kernel_SIU_v8_gemini_1.h:26:0)
INFO: [HLS 214-178] Inlining function 'data_t::set_bitmap(ap_uint<8>) (.25)' into 'data_t::set(ap_uint<24>, ap_uint<8>)' (src/merge_kernel_SIU_v8_gemini_1.h:26:0)
INFO: [HLS 214-178] Inlining function 'data_t::set(ap_uint<24>, ap_uint<8>)' into 'data_t::data_t(ap_uint<24>, ap_uint<8>)' (src/merge_kernel_SIU_v8_gemini_1.h:24:0)
INFO: [HLS 214-178] Inlining function 'data_t::data_t(ap_uint<24>, ap_uint<8>)' into 'data_t::padding_element()' (src/merge_kernel_SIU_v8_gemini_1.h:51:0)
INFO: [HLS 214-178] Inlining function 'data_t::padding_element()' into 'process_data_t::process_data_t() (.404)' (src/merge_kernel_SIU_v8_gemini_1.h:83:0)
INFO: [HLS 214-178] Inlining function 'data_t::padding_element()' into 'process_data_t::process_data_t()' (src/merge_kernel_SIU_v8_gemini_1.h:83:0)
INFO: [HLS 214-178] Inlining function 'process_data_t::process_data_t() (.404)' into 'Merge_stage_stream_fifo(hls::stream<process_data_vector, 0>&, hls::stream<process_data_vector, 0>&, hls::stream<bool, 0>&, hls::stream<bool, 0>&)' (src/kernel/siu_core_6.hpp:652:0)
INFO: [HLS 214-178] Inlining function 'process_data_vector::process_data_vector() (.405)' into 'Merge_stage_stream_fifo(hls::stream<process_data_vector, 0>&, hls::stream<process_data_vector, 0>&, hls::stream<bool, 0>&, hls::stream<bool, 0>&)' (src/kernel/siu_core_6.hpp:652:0)
INFO: [HLS 214-178] Inlining function 'process_data_t::process_data_t()' into 'Merge_stage_stream_fifo(hls::stream<process_data_vector, 0>&, hls::stream<process_data_vector, 0>&, hls::stream<bool, 0>&, hls::stream<bool, 0>&)' (src/kernel/siu_core_6.hpp:652:0)
INFO: [HLS 214-178] Inlining function 'data_t::get_index() const (.15.412)' into 'Merge_stage_stream_fifo(hls::stream<process_data_vector, 0>&, hls::stream<process_data_vector, 0>&, hls::stream<bool, 0>&, hls::stream<bool, 0>&)' (src/kernel/siu_core_6.hpp:652:0)
INFO: [HLS 214-178] Inlining function 'data_t::get_bitmap() const' into 'Merge_stage_stream_fifo(hls::stream<process_data_vector, 0>&, hls::stream<process_data_vector, 0>&, hls::stream<bool, 0>&, hls::stream<bool, 0>&)' (src/kernel/siu_core_6.hpp:652:0)
INFO: [HLS 214-178] Inlining function 'data_t::set_bitmap(ap_uint<8>)' into 'Merge_stage_stream_fifo(hls::stream<process_data_vector, 0>&, hls::stream<process_data_vector, 0>&, hls::stream<bool, 0>&, hls::stream<bool, 0>&)' (src/kernel/siu_core_6.hpp:652:0)
INFO: [HLS 214-178] Inlining function 'data_t::set_index(ap_uint<24>)' into 'Merge_stage_stream_fifo(hls::stream<process_data_vector, 0>&, hls::stream<process_data_vector, 0>&, hls::stream<bool, 0>&, hls::stream<bool, 0>&)' (src/kernel/siu_core_6.hpp:652:0)
INFO: [HLS 214-178] Inlining function 'process_data_vector::process_data_vector() (.405)' into 'Compact_stage_stream_fifo(hls::stream<process_data_vector, 0>&, hls::stream<data_t, 0>*, hls::stream<bool, 0>&, hls::stream<bool, 0>&)' (src/kernel/siu_core_6.hpp:720:0)
INFO: [HLS 214-178] Inlining function 'data_t::isPadding() const (.33.411)' into 'Compact_stage_stream_fifo(hls::stream<process_data_vector, 0>&, hls::stream<data_t, 0>*, hls::stream<bool, 0>&, hls::stream<bool, 0>&)' (src/kernel/siu_core_6.hpp:720:0)
INFO: [HLS 214-178] Inlining function 'data_t::isPadding() const (.33.411)' into 'plan5_store_intersection_blocks_fifo(hls::stream<data_t, 0>*, hls::stream<bool, 0>&, data_t*, hls::stream<int, 0>&)' (src/kernel/siu_core_6.hpp:835:0)
INFO: [HLS 214-178] Inlining function 'Embedding5::is_eos() const' into 'plan5_intersect_emit_stage(LevelConfig const&, data_t const*, data_t const*, int const*, int, hls::stream<Embedding5, 0>&, hls::stream<Embedding5, 0>&) (.114.176.205)' (src/kernel/task_executor_v16_origin8.hpp:310:0)
INFO: [HLS 214-178] Inlining function 'data_t::get_index() const (.15.412)' into 'plan5_intersect_emit_stage(LevelConfig const&, data_t const*, data_t const*, int const*, int, hls::stream<Embedding5, 0>&, hls::stream<Embedding5, 0>&) (.114.176.205)' (src/kernel/task_executor_v16_origin8.hpp:310:0)
INFO: [HLS 214-178] Inlining function 'data_t::get_bitmap() const' into 'plan5_intersect_emit_stage(LevelConfig const&, data_t const*, data_t const*, int const*, int, hls::stream<Embedding5, 0>&, hls::stream<Embedding5, 0>&) (.114.176.205)' (src/kernel/task_executor_v16_origin8.hpp:310:0)
INFO: [HLS 214-178] Inlining function 'Embedding5::is_eos() const' into 'plan5_count_embeddings(hls::stream<Embedding5, 0>&, hls::stream<long long, 0>&) (.132)' (src/kernel/task_executor_v16_origin8.hpp:429:0)
INFO: [HLS 214-248] Applying array_partition to 'out.vid': Complete partitioning on dimension 1.
INFO: [HLS 214-248] Applying array_partition to 'fifoA': Complete partitioning on dimension 1. (src/kernel/siu_core_6.hpp:433:9)
INFO: [HLS 214-248] Applying array_partition to 'fifoB': Complete partitioning on dimension 1. (src/kernel/siu_core_6.hpp:434:12)
INFO: [HLS 214-248] Applying array_partition to 'headA': Complete partitioning on dimension 1. (src/kernel/siu_core_6.hpp:438:13)
INFO: [HLS 214-248] Applying array_partition to 'headB': Complete partitioning on dimension 1. (src/kernel/siu_core_6.hpp:439:16)
INFO: [HLS 214-248] Applying array_partition to 'countA': Complete partitioning on dimension 1. (src/kernel/siu_core_6.hpp:440:16)
INFO: [HLS 214-248] Applying array_partition to 'countB': Complete partitioning on dimension 1. (src/kernel/siu_core_6.hpp:441:16)
INFO: [HLS 214-248] Applying array_partition to 'IR_AFTER_MIN.lane.bcsr_element': Complete partitioning on dimension 1. (src/kernel/siu_core_6.hpp:522:29)
INFO: [HLS 214-248] Applying array_partition to 'popA': Complete partitioning on dimension 1. (src/kernel/siu_core_6.hpp:540:14)
INFO: [HLS 214-248] Applying array_partition to 'popB': Complete partitioning on dimension 1. (src/kernel/siu_core_6.hpp:541:14)
INFO: [HLS 214-248] Applying array_partition to 'IR_CAS.lane.bcsr_element': Complete partitioning on dimension 1. (src/kernel/siu_core_6.hpp:619:22)
INFO: [HLS 214-248] Applying array_partition to 'IR_AFTER_Merge.lane.bcsr_element': Complete partitioning on dimension 1. (src/kernel/siu_core_6.hpp:666:22)
INFO: [HLS 214-248] Applying array_partition to 'After_Compact': Complete partitioning on dimension 1. (src/kernel/siu_core_6.hpp:741:9)
INFO: [HLS 214-248] Applying array_partition to 'compact_out': Complete partitioning on dimension 1. (src/kernel/siu_core_6.hpp:966:25)
INFO: [HLS 214-248] Applying array_partition to 'inter_blocks': Cyclic partitioning with factor 8 on dimension 1. (src/kernel/task_executor_v16_origin8.hpp:318:12)
INFO: [HLS 214-248] Applying array_partition to 'cfgs.op': Complete partitioning on dimension 1. (src/kernel/task_executor_v16_origin8.hpp:541:17)
INFO: [HLS 214-248] Applying array_partition to 'cfgs.dst_slot': Complete partitioning on dimension 1. (src/kernel/task_executor_v16_origin8.hpp:541:17)
INFO: [HLS 214-248] Applying array_partition to 'cfgs.src_slot0': Complete partitioning on dimension 1. (src/kernel/task_executor_v16_origin8.hpp:541:17)
INFO: [HLS 214-248] Applying array_partition to 'cfgs.src_slot1': Complete partitioning on dimension 1. (src/kernel/task_executor_v16_origin8.hpp:541:17)
INFO: [HLS 214-248] Applying array_partition to 'cfgs.bound_kind': Complete partitioning on dimension 1. (src/kernel/task_executor_v16_origin8.hpp:541:17)
INFO: [HLS 214-248] Applying array_partition to 'cfgs.bound_slot': Complete partitioning on dimension 1. (src/kernel/task_executor_v16_origin8.hpp:541:17)
INFO: [HLS 214-248] Applying array_partition to 'cfgs.bound_const': Complete partitioning on dimension 1. (src/kernel/task_executor_v16_origin8.hpp:541:17)
INFO: [HLS 214-248] Applying array_partition to 'cfgs.flags': Complete partitioning on dimension 1. (src/kernel/task_executor_v16_origin8.hpp:541:17)
INFO: [HLS 214-248] Applying array_partition to 'level0_streams': Complete partitioning on dimension 1. (src/testSIU_v7_gemini_1.cpp:126:29)
INFO: [HLS 214-248] Applying array_partition to 'result_streams': Complete partitioning on dimension 1. (src/testSIU_v7_gemini_1.cpp:127:28)
INFO: [HLS 214-241] Aggregating fifo (hls::stream) variable 's1' with compact=bit mode in 164-bits (src/kernel/task_executor_v16_origin8.hpp:468:26)
INFO: [HLS 214-241] Aggregating fifo (hls::stream) variable 's2' with compact=bit mode in 164-bits (src/kernel/task_executor_v16_origin8.hpp:469:29)
INFO: [HLS 214-241] Aggregating fifo (hls::stream) variable 's3' with compact=bit mode in 164-bits (src/kernel/task_executor_v16_origin8.hpp:470:29)
INFO: [HLS 214-241] Aggregating fifo (hls::stream) variable 's4' with compact=bit mode in 164-bits (src/kernel/task_executor_v16_origin8.hpp:471:29)
INFO: [HLS 214-241] Aggregating fifo (hls::stream) variable 's5' with compact=bit mode in 164-bits (src/kernel/task_executor_v16_origin8.hpp:472:29)
INFO: [HLS 214-241] Aggregating fifo (hls::stream) variable 'min_to_cas_stream' with compact=bit mode in 273-bits (src/kernel/siu_core_6.hpp:959:35)
INFO: [HLS 214-241] Aggregating fifo (hls::stream) variable 'cas_to_merge_stream' with compact=bit mode in 273-bits (src/kernel/siu_core_6.hpp:960:38)
INFO: [HLS 214-241] Aggregating fifo (hls::stream) variable 'merge_to_compact_stream' with compact=bit mode in 273-bits (src/kernel/siu_core_6.hpp:961:38)
INFO: [HLS 214-241] Aggregating fifo (hls::stream) variable 'level0_streams_0' with compact=bit mode in 164-bits (src/testSIU_v7_gemini_1.cpp:126:29)
INFO: [HLS 214-241] Aggregating fifo (hls::stream) variable 'level0_streams_1' with compact=bit mode in 164-bits (src/testSIU_v7_gemini_1.cpp:126:29)
INFO: [HLS 214-241] Aggregating fifo (hls::stream) variable 'level0_streams_2' with compact=bit mode in 164-bits (src/testSIU_v7_gemini_1.cpp:126:29)
INFO: [HLS 214-241] Aggregating fifo (hls::stream) variable 'level0_streams_3' with compact=bit mode in 164-bits (src/testSIU_v7_gemini_1.cpp:126:29)
INFO: [HLS 214-364] Automatically inlining function 'data_t::get_index() const' to improve effectiveness of pipeline pragma in function 'CAS_stage_stream_fifo(hls::stream<process_data_vector, 0>&, hls::stream<process_data_vector, 0>&, hls::stream<bool, 0>&, hls::stream<bool, 0>&)' (src/kernel/siu_core_6.hpp:40:69)
INFO: [HLS 214-364] Automatically inlining function 'data_t::get_index() const' to improve effectiveness of pipeline pragma in function 'CAS_stage_stream_fifo(hls::stream<process_data_vector, 0>&, hls::stream<process_data_vector, 0>&, hls::stream<bool, 0>&, hls::stream<bool, 0>&)' (src/kernel/siu_core_6.hpp:40:99)
INFO: [HLS 214-364] Automatically inlining function 'data_t::isPadding() const' to improve effectiveness of pipeline pragma in function 'CAS_stage_stream_fifo(hls::stream<process_data_vector, 0>&, hls::stream<process_data_vector, 0>&, hls::stream<bool, 0>&, hls::stream<bool, 0>&)' (src/kernel/siu_core_6.hpp:38:44)
INFO: [HLS 214-364] Automatically inlining function 'data_t::padding_element() (.36)' to improve effectiveness of pipeline pragma in function 'Feeder_FIFO_MIN_stage(data_t const*, int, data_t const*, int, int, hls::stream<process_data_vector, 0>&, hls::stream<bool, 0>&)' (src/kernel/siu_core_6.hpp:416:16)
INFO: [HLS 214-364] Automatically inlining function 'data_t::padding_element() (.36)' to improve effectiveness of pipeline pragma in function 'Feeder_FIFO_MIN_stage(data_t const*, int, data_t const*, int, int, hls::stream<process_data_vector, 0>&, hls::stream<bool, 0>&)' (src/kernel/siu_core_6.hpp:402:20)
INFO: [HLS 214-364] Automatically inlining function 'data_t::padding_element() (.36)' to improve effectiveness of pipeline pragma in function 'Feeder_FIFO_MIN_stage(data_t const*, int, data_t const*, int, int, hls::stream<process_data_vector, 0>&, hls::stream<bool, 0>&)' (src/kernel/siu_core_6.hpp:393:16)
INFO: [HLS 214-364] Automatically inlining function 'data_t::padding_element() (.36)' to improve effectiveness of pipeline pragma in function 'Feeder_FIFO_MIN_stage(data_t const*, int, data_t const*, int, int, hls::stream<process_data_vector, 0>&, hls::stream<bool, 0>&)' (src/kernel/siu_core_6.hpp:558:24)
INFO: [HLS 214-364] Automatically inlining function 'data_t::padding_element() (.36)' to improve effectiveness of pipeline pragma in function 'Feeder_FIFO_MIN_stage(data_t const*, int, data_t const*, int, int, hls::stream<process_data_vector, 0>&, hls::stream<bool, 0>&)' (src/kernel/siu_core_6.hpp:559:24)
INFO: [HLS 214-115] Multiple burst reads of variable length and bit width 32 in loop 'LOAD_A_LOCAL'(src/kernel/task_executor_v16_origin8.hpp:354:9) has been inferred on bundle 'gmem_pe0_L4'. These burst requests might be further partitioned into multiple requests during RTL generation, based on max_read_burst_length or max_write_burst_length settings. (src/kernel/task_executor_v16_origin8.hpp:354:9)
INFO: [HLS 214-115] Multiple burst reads of variable length and bit width 32 in loop 'LOAD_B_LOCAL'(src/kernel/task_executor_v16_origin8.hpp:359:9) has been inferred on bundle 'gmem_pe0_L4'. These burst requests might be further partitioned into multiple requests during RTL generation, based on max_read_burst_length or max_write_burst_length settings. (src/kernel/task_executor_v16_origin8.hpp:359:9)
INFO: [HLS 214-115] Multiple burst reads of variable length and bit width 32 in loop 'ROW_PTR_LOAD_AND_REPL'(src/kernel/task_executor_v16_origin8.hpp:524:5) has been inferred on bundle 'gmem8'. These burst requests might be further partitioned into multiple requests during RTL generation, based on max_read_burst_length or max_write_burst_length settings. (src/kernel/task_executor_v16_origin8.hpp:524:5)
INFO: [HLS 214-115] Multiple burst reads of variable length and bit width 32 in loop 'ROW_PTR_LOAD_AND_REPL'(src/kernel/task_executor_v16_origin8.hpp:524:5) has been inferred on bundle 'gmem11'. These burst requests might be further partitioned into multiple requests during RTL generation, based on max_read_burst_length or max_write_burst_length settings. (src/kernel/task_executor_v16_origin8.hpp:524:5)
INFO: [HLS 214-115] Multiple burst reads of variable length and bit width 32 in loop 'ROW_PTR_LOAD_AND_REPL'(src/kernel/task_executor_v16_origin8.hpp:524:5) has been inferred on bundle 'gmem12'. These burst requests might be further partitioned into multiple requests during RTL generation, based on max_read_burst_length or max_write_burst_length settings. (src/kernel/task_executor_v16_origin8.hpp:524:5)
INFO: [HLS 214-115] Multiple burst reads of variable length and bit width 32 in loop 'ROW_PTR_LOAD_AND_REPL'(src/kernel/task_executor_v16_origin8.hpp:524:5) has been inferred on bundle 'gmem13'. These burst requests might be further partitioned into multiple requests during RTL generation, based on max_read_burst_length or max_write_burst_length settings. (src/kernel/task_executor_v16_origin8.hpp:524:5)
INFO: [HLS 214-115] Multiple burst reads of length 2 and bit width 1024 has been inferred on bundle 'gmem9'. These burst requests might be further partitioned into multiple requests during RTL generation, based on max_read_burst_length or max_write_burst_length settings. (src/testSIU_v7_gemini_1.cpp:124:26)
INFO: [HLS 200-111] Finished Compiling Optimization and Transform: CPU user time: 9 seconds. CPU system time: 1.14 seconds. Elapsed time: 12.14 seconds; current allocated memory: 298.508 MB.
INFO: [HLS 200-111] Finished Checking Pragmas: CPU user time: 0 seconds. CPU system time: 0 seconds. Elapsed time: 0 seconds; current allocated memory: 298.508 MB.
INFO: [HLS 200-10] Starting code transformations ...
INFO: [HLS 200-111] Finished Standard Transforms: CPU user time: 0.26 seconds. CPU system time: 0.01 seconds. Elapsed time: 0.29 seconds; current allocated memory: 309.180 MB.
INFO: [HLS 200-10] Checking synthesizability ...
INFO: [XFORM 203-602] Inlining function 'data_t::isPadding.1' into 'Feeder_FIFO_MIN_stage' (src/kernel/siu_core_6.hpp:467) automatically.
INFO: [XFORM 203-602] Inlining function 'data_t::isPadding' into 'CAS_stage_stream_fifo' (src/kernel/siu_core_6.hpp:37->src/kernel/siu_core_6.hpp:630) automatically.
INFO: [XFORM 203-602] Inlining function 'data_t::isPadding.1' into 'CAS_stage_stream_fifo' (src/kernel/siu_core_6.hpp:45->src/kernel/siu_core_6.hpp:630) automatically.
INFO: [XFORM 203-602] Inlining function 'data_t::isPadding.1' into 'Merge_stage_stream_fifo' (src/kernel/siu_core_6.hpp:686) automatically.
INFO: [HLS 200-111] Finished Checking Synthesizability: CPU user time: 0.36 seconds. CPU system time: 0 seconds. Elapsed time: 0.38 seconds; current allocated memory: 318.488 MB.
INFO: [XFORM 203-102] Partitioning array 'plan.levels.op' (src/testSIU_v7_gemini_1.cpp:124) automatically.
INFO: [XFORM 203-102] Partitioning array 'plan.levels.dst_slot' (src/testSIU_v7_gemini_1.cpp:124) automatically.
INFO: [XFORM 203-102] Partitioning array 'plan.levels.src_slot0' (src/testSIU_v7_gemini_1.cpp:124) automatically.
INFO: [XFORM 203-102] Partitioning array 'plan.levels.src_slot1' (src/testSIU_v7_gemini_1.cpp:124) automatically.
INFO: [XFORM 203-102] Partitioning array 'plan.levels.bound_kind' (src/testSIU_v7_gemini_1.cpp:124) automatically.
INFO: [XFORM 203-102] Partitioning array 'plan.levels.bound_slot' (src/testSIU_v7_gemini_1.cpp:124) automatically.
INFO: [XFORM 203-102] Partitioning array 'plan.levels.bound_const' (src/testSIU_v7_gemini_1.cpp:124) automatically.
INFO: [XFORM 203-102] Partitioning array 'plan.levels.flags' (src/testSIU_v7_gemini_1.cpp:124) automatically.
INFO: [XFORM 203-602] Inlining function 'data_t::isPadding.1' into 'Feeder_FIFO_MIN_stage' (src/kernel/siu_core_6.hpp:467) automatically.
INFO: [XFORM 203-602] Inlining function 'data_t::isPadding' into 'CAS_stage_stream_fifo' (src/kernel/siu_core_6.hpp:37->src/kernel/siu_core_6.hpp:630) automatically.
INFO: [XFORM 203-602] Inlining function 'data_t::isPadding.1' into 'CAS_stage_stream_fifo' (src/kernel/siu_core_6.hpp:45->src/kernel/siu_core_6.hpp:630) automatically.
INFO: [XFORM 203-602] Inlining function 'data_t::isPadding.1' into 'Merge_stage_stream_fifo' (src/kernel/siu_core_6.hpp:686) automatically.
INFO: [XFORM 203-712] Applying dataflow to function 'plan5_siu_collect_intersection_blocks' (src/kernel/siu_core_6.hpp:958:1), detected/extracted 6 process function(s): 
	 'Feeder_FIFO_MIN_stage'
	 'CAS_stage_stream_fifo'
	 'Merge_stage_stream_fifo'
	 'Compact_stage_stream_fifo'
	 'plan5_store_intersection_blocks_fifo'
	 'plan5_read_out_len_stage'.
INFO: [XFORM 203-712] Applying dataflow to function 'plan5_pipeline_pe_df' (src/kernel/task_executor_v16_origin8.hpp:474:1), detected/extracted 6 process function(s): 
	 'plan5_level_unit'
	 'plan5_level_unit.5'
	 'plan5_level_unit.6'
	 'plan5_level_unit.7'
	 'plan5_level_unit.8'
	 'plan5_count_embeddings'.
INFO: [XFORM 203-712] Applying dataflow to function 'subgraph_kernel_plan5_v1' (src/testSIU_v7_gemini_1.cpp:10:1), detected/extracted 8 process function(s): 
	 'entry_proc'
	 'Block_entry53_proc'
	 'plan5_scan_all_stage'
	 'plan5_pipeline_pe'
	 'plan5_pipeline_pe.2'
	 'plan5_pipeline_pe.3'
	 'plan5_pipeline_pe.4'
	 'result_collector'.
INFO: [XFORM 203-401] Performing if-conversion on hyperblock to (src/kernel/task_executor_v16_origin8.hpp:575:1) in function 'plan5_pipeline_pe.4'... converting 11 basic blocks.
INFO: [XFORM 203-401] Performing if-conversion on hyperblock to (src/kernel/task_executor_v16_origin8.hpp:575:1) in function 'plan5_pipeline_pe.3'... converting 11 basic blocks.
INFO: [XFORM 203-401] Performing if-conversion on hyperblock to (src/kernel/task_executor_v16_origin8.hpp:575:1) in function 'plan5_pipeline_pe.2'... converting 11 basic blocks.
INFO: [XFORM 203-401] Performing if-conversion on hyperblock to (src/kernel/task_executor_v16_origin8.hpp:575:1) in function 'plan5_pipeline_pe'... converting 11 basic blocks.
INFO: [XFORM 203-401] Performing if-conversion on hyperblock from (src/kernel/task_executor_v16_origin8.hpp:389:28) to (src/kernel/task_executor_v16_origin8.hpp:399:13) in function 'plan5_intersect_emit_stage'... converting 7 basic blocks.
INFO: [XFORM 203-401] Performing if-conversion on hyperblock from (src/kernel/task_executor_v16_origin8.hpp:389:28) to (src/kernel/task_executor_v16_origin8.hpp:399:13) in function 'plan5_intersect_emit_stage'... converting 7 basic blocks.
INFO: [XFORM 203-401] Performing if-conversion on hyperblock from (src/kernel/task_executor_v16_origin8.hpp:389:28) to (src/kernel/task_executor_v16_origin8.hpp:399:13) in function 'plan5_intersect_emit_stage'... converting 7 basic blocks.
INFO: [XFORM 203-401] Performing if-conversion on hyperblock from (src/kernel/task_executor_v16_origin8.hpp:389:28) to (src/kernel/task_executor_v16_origin8.hpp:399:13) in function 'plan5_intersect_emit_stage'... converting 7 basic blocks.
INFO: [XFORM 203-401] Performing if-conversion on hyperblock from (src/kernel/task_executor_v16_origin8.hpp:389:28) to (src/kernel/task_executor_v16_origin8.hpp:399:13) in function 'plan5_intersect_emit_stage'... converting 7 basic blocks.
INFO: [XFORM 203-401] Performing if-conversion on hyperblock from (src/kernel/task_executor_v16_origin8.hpp:389:28) to (src/kernel/task_executor_v16_origin8.hpp:399:13) in function 'plan5_intersect_emit_stage'... converting 7 basic blocks.
INFO: [XFORM 203-401] Performing if-conversion on hyperblock from (src/kernel/task_executor_v16_origin8.hpp:389:28) to (src/kernel/task_executor_v16_origin8.hpp:399:13) in function 'plan5_intersect_emit_stage'... converting 7 basic blocks.
INFO: [XFORM 203-401] Performing if-conversion on hyperblock from (src/kernel/task_executor_v16_origin8.hpp:389:28) to (src/kernel/task_executor_v16_origin8.hpp:399:13) in function 'plan5_intersect_emit_stage'... converting 7 basic blocks.
INFO: [XFORM 203-401] Performing if-conversion on hyperblock from (src/kernel/task_executor_v16_origin8.hpp:325:5) to (src/kernel/task_executor_v16_origin8.hpp:334:20) in function 'plan5_intersect_emit_stage'... converting 5 basic blocks.
INFO: [XFORM 203-401] Performing if-conversion on hyperblock from (src/kernel/task_executor_v16_origin8.hpp:169:74) to (src/kernel/task_executor_v16_origin8.hpp:354:9) in function 'plan5_intersect_emit_stage'... converting 4 basic blocks.
INFO: [XFORM 203-401] Performing if-conversion on hyperblock from (src/kernel/task_executor_v16_origin8.hpp:287:28) to (src/kernel/task_executor_v16_origin8.hpp:297:13) in function 'plan5_expand_nbr_stage'... converting 7 basic blocks.
INFO: [XFORM 203-401] Performing if-conversion on hyperblock from (src/kernel/task_executor_v16_origin8.hpp:287:28) to (src/kernel/task_executor_v16_origin8.hpp:297:13) in function 'plan5_expand_nbr_stage'... converting 7 basic blocks.
INFO: [XFORM 203-401] Performing if-conversion on hyperblock from (src/kernel/task_executor_v16_origin8.hpp:287:28) to (src/kernel/task_executor_v16_origin8.hpp:297:13) in function 'plan5_expand_nbr_stage'... converting 7 basic blocks.
INFO: [XFORM 203-401] Performing if-conversion on hyperblock from (src/kernel/task_executor_v16_origin8.hpp:287:28) to (src/kernel/task_executor_v16_origin8.hpp:297:13) in function 'plan5_expand_nbr_stage'... converting 7 basic blocks.
INFO: [XFORM 203-401] Performing if-conversion on hyperblock from (src/kernel/task_executor_v16_origin8.hpp:287:28) to (src/kernel/task_executor_v16_origin8.hpp:297:13) in function 'plan5_expand_nbr_stage'... converting 7 basic blocks.
INFO: [XFORM 203-401] Performing if-conversion on hyperblock from (src/kernel/task_executor_v16_origin8.hpp:287:28) to (src/kernel/task_executor_v16_origin8.hpp:297:13) in function 'plan5_expand_nbr_stage'... converting 7 basic blocks.
INFO: [XFORM 203-401] Performing if-conversion on hyperblock from (src/kernel/task_executor_v16_origin8.hpp:287:28) to (src/kernel/task_executor_v16_origin8.hpp:297:13) in function 'plan5_expand_nbr_stage'... converting 7 basic blocks.
INFO: [XFORM 203-401] Performing if-conversion on hyperblock from (src/kernel/task_executor_v16_origin8.hpp:287:28) to (src/kernel/task_executor_v16_origin8.hpp:297:13) in function 'plan5_expand_nbr_stage'... converting 7 basic blocks.
INFO: [XFORM 203-401] Performing if-conversion on hyperblock from (src/kernel/task_executor_v16_origin8.hpp:252:5) to (src/kernel/task_executor_v16_origin8.hpp:260:19) in function 'plan5_expand_nbr_stage'... converting 3 basic blocks.
INFO: [XFORM 203-401] Performing if-conversion on hyperblock from (src/kernel/task_executor_v16_origin8.hpp:263:27) to (src/kernel/task_executor_v16_origin8.hpp:269:9) in function 'plan5_expand_nbr_stage'... converting 4 basic blocks.
INFO: [XFORM 203-401] Performing if-conversion on hyperblock from (src/kernel/siu_core_6.hpp:464:9) to (src/kernel/siu_core_6.hpp:467:13) in function 'Feeder_FIFO_MIN_stage'... converting 10 basic blocks.
INFO: [XFORM 203-401] Performing if-conversion on hyperblock from (src/kernel/siu_core_6.hpp:481:9) to (src/kernel/siu_core_6.hpp:484:13) in function 'Feeder_FIFO_MIN_stage'... converting 10 basic blocks.
INFO: [XFORM 203-401] Performing if-conversion on hyperblock from (src/kernel/siu_core_6.hpp:560:17) to (src/kernel/siu_core_6.hpp:504:5) in function 'Feeder_FIFO_MIN_stage'... converting 89 basic blocks.
INFO: [XFORM 203-401] Performing if-conversion on hyperblock to (src/kernel/siu_core_6.hpp:463:5) in function 'Feeder_FIFO_MIN_stage'... converting 3 basic blocks.
INFO: [XFORM 203-401] Performing if-conversion on hyperblock from (src/kernel/siu_core_6.hpp:477:29) to (src/kernel/siu_core_6.hpp:480:5) in function 'Feeder_FIFO_MIN_stage'... converting 3 basic blocks.
INFO: [XFORM 203-11] Balancing expressions in function 'plan5_store_intersection_blocks_fifo' (src/kernel/siu_core_6.hpp:32:13)...4 expression(s) balanced.
INFO: [XFORM 203-11] Balancing expressions in function 'plan5_intersect_emit_stage' (src/kernel/task_executor_v16_origin8.hpp:32:13)...35 expression(s) balanced.
INFO: [XFORM 203-11] Balancing expressions in function 'plan5_expand_nbr_stage' (src/kernel/task_executor_v16_origin8.hpp:32:13)...32 expression(s) balanced.
INFO: [XFORM 203-11] Balancing expressions in function 'Feeder_FIFO_MIN_stage' (src/kernel/siu_core_6.hpp:32:30)...15 expression(s) balanced.
INFO: [HLS 200-111] Finished Loop, function and other optimizations: CPU user time: 1.55 seconds. CPU system time: 0.03 seconds. Elapsed time: 1.74 seconds; current allocated memory: 358.359 MB.
WARNING: [HLS 200-960] Cannot flatten loop 'EXPAND_LOOP' (src/kernel/task_executor_v16_origin8.hpp:252:5) in function 'plan5_expand_nbr_stage' the outer loop is not a perfect loop because there is nontrivial logic before entering the inner loop.
Resolution: For help on HLS 200-960 see docs.xilinx.com/access/sources/dita/topic?Doc_Version=2023.2%20English&url=ug1448-hls-guidance&resourceid=200-960.html
WARNING: [HLS 200-1450] Process plan5_store_intersection_blocks_fifo has both a successor and writes an output to its caller (see the GUI dataflow viewer). This may lead to lower throughput. Consider copying this output via a successor process.
Resolution: For help on HLS 200-1450 see docs.xilinx.com/access/sources/dita/topic?Doc_Version=2023.2%20English&url=ug1448-hls-guidance&resourceid=200-1450.html
WARNING: [HLS 200-1449] Process plan5_level_unit.5 has both a predecessor and reads an input from its caller (see the GUI dataflow viewer). This may lead to lower throughput. Consider copying this input via a predecessor process.
WARNING: [HLS 200-1449] Process plan5_level_unit.6 has both a predecessor and reads an input from its caller (see the GUI dataflow viewer). This may lead to lower throughput. Consider copying this input via a predecessor process.
WARNING: [HLS 200-1449] Process plan5_level_unit.7 has both a predecessor and reads an input from its caller (see the GUI dataflow viewer). This may lead to lower throughput. Consider copying this input via a predecessor process.
WARNING: [HLS 200-1449] Process plan5_level_unit.8 has both a predecessor and reads an input from its caller (see the GUI dataflow viewer). This may lead to lower throughput. Consider copying this input via a predecessor process.
WARNING: [HLS 200-1449] Process plan5_pipeline_pe has both a predecessor and reads an input from its caller (see the GUI dataflow viewer). This may lead to lower throughput. Consider copying this input via a predecessor process.
WARNING: [HLS 200-1449] Process plan5_pipeline_pe.2 has both a predecessor and reads an input from its caller (see the GUI dataflow viewer). This may lead to lower throughput. Consider copying this input via a predecessor process.
WARNING: [HLS 200-1449] Process plan5_pipeline_pe.3 has both a predecessor and reads an input from its caller (see the GUI dataflow viewer). This may lead to lower throughput. Consider copying this input via a predecessor process.
WARNING: [HLS 200-1449] Process plan5_pipeline_pe.4 has both a predecessor and reads an input from its caller (see the GUI dataflow viewer). This may lead to lower throughput. Consider copying this input via a predecessor process.
INFO: [HLS 200-111] Finished Architecture Synthesis: CPU user time: 0.93 seconds. CPU system time: 0.12 seconds. Elapsed time: 1.08 seconds; current allocated memory: 759.832 MB.
INFO: [HLS 200-10] Starting hardware synthesis ...
INFO: [HLS 200-10] Synthesizing 'subgraph_kernel_plan5_v1' ...
WARNING: [SYN 201-103] Legalizing function name 'plan5_level_unit.5' to 'plan5_level_unit_5'.
WARNING: [SYN 201-103] Legalizing function name 'plan5_level_unit.6' to 'plan5_level_unit_6'.
WARNING: [SYN 201-103] Legalizing function name 'plan5_level_unit.7' to 'plan5_level_unit_7'.
WARNING: [SYN 201-103] Legalizing function name 'plan5_level_unit.8' to 'plan5_level_unit_8'.
WARNING: [SYN 201-103] Legalizing function name 'plan5_pipeline_pe.2_Pipeline_ROW_PTR_LOAD_AND_REPL' to 'plan5_pipeline_pe_2_Pipeline_ROW_PTR_LOAD_AND_REPL'.
WARNING: [SYN 201-103] Legalizing function name 'plan5_pipeline_pe.2' to 'plan5_pipeline_pe_2'.
WARNING: [SYN 201-103] Legalizing function name 'plan5_pipeline_pe.3_Pipeline_ROW_PTR_LOAD_AND_REPL' to 'plan5_pipeline_pe_3_Pipeline_ROW_PTR_LOAD_AND_REPL'.
WARNING: [SYN 201-103] Legalizing function name 'plan5_pipeline_pe.3' to 'plan5_pipeline_pe_3'.
WARNING: [SYN 201-103] Legalizing function name 'plan5_pipeline_pe.4_Pipeline_ROW_PTR_LOAD_AND_REPL' to 'plan5_pipeline_pe_4_Pipeline_ROW_PTR_LOAD_AND_REPL'.
WARNING: [SYN 201-103] Legalizing function name 'plan5_pipeline_pe.4' to 'plan5_pipeline_pe_4'.
INFO: [HLS 200-10] ----------------------------------------------------------------
INFO: [HLS 200-42] -- Implementing module 'entry_proc' 
INFO: [HLS 200-10] ----------------------------------------------------------------
INFO: [SCHED 204-11] Starting scheduling ...
INFO: [SCHED 204-11] Finished scheduling.
INFO: [HLS 200-111] Finished Scheduling: CPU user time: 0.23 seconds. CPU system time: 0.07 seconds. Elapsed time: 1 seconds; current allocated memory: 762.039 MB.
INFO: [BIND 205-100] Starting micro-architecture generation ...
INFO: [BIND 205-101] Performing variable lifetime analysis.
INFO: [BIND 205-101] Exploring resource sharing.
INFO: [BIND 205-101] Binding ...
INFO: [BIND 205-100] Finished micro-architecture generation.
INFO: [HLS 200-111] Finished Binding: CPU user time: 0.02 seconds. CPU system time: 0 seconds. Elapsed time: 0.06 seconds; current allocated memory: 762.289 MB.
INFO: [HLS 200-10] ----------------------------------------------------------------
INFO: [HLS 200-42] -- Implementing module 'Block_entry53_proc' 
INFO: [HLS 200-10] ----------------------------------------------------------------
INFO: [SCHED 204-11] Starting scheduling ...
INFO: [SCHED 204-11] Finished scheduling.
INFO: [HLS 200-111] Finished Scheduling: CPU user time: 0.09 seconds. CPU system time: 0.01 seconds. Elapsed time: 0.12 seconds; current allocated memory: 763.453 MB.
INFO: [BIND 205-100] Starting micro-architecture generation ...
INFO: [BIND 205-101] Performing variable lifetime analysis.
INFO: [BIND 205-101] Exploring resource sharing.
INFO: [BIND 205-101] Binding ...
INFO: [BIND 205-100] Finished micro-architecture generation.
INFO: [HLS 200-111] Finished Binding: CPU user time: 0.05 seconds. CPU system time: 0 seconds. Elapsed time: 0.07 seconds; current allocated memory: 763.816 MB.
INFO: [HLS 200-10] ----------------------------------------------------------------
INFO: [HLS 200-42] -- Implementing module 'plan5_scan_all_stage_Pipeline_V0_SCAN' 
INFO: [HLS 200-10] ----------------------------------------------------------------
INFO: [SCHED 204-11] Starting scheduling ...
INFO: [SCHED 204-61] Pipelining loop 'V0_SCAN'.
INFO: [HLS 200-1470] Pipelining result : Target II = 1, Final II = 1, Depth = 3, loop 'V0_SCAN'
INFO: [SCHED 204-11] Finished scheduling.
INFO: [HLS 200-111] Finished Scheduling: CPU user time: 0.06 seconds. CPU system time: 0.01 seconds. Elapsed time: 0.09 seconds; current allocated memory: 765.082 MB.
INFO: [BIND 205-100] Starting micro-architecture generation ...
INFO: [BIND 205-101] Performing variable lifetime analysis.
INFO: [BIND 205-101] Exploring resource sharing.
INFO: [BIND 205-101] Binding ...
INFO: [BIND 205-100] Finished micro-architecture generation.
INFO: [HLS 200-111] Finished Binding: CPU user time: 0.02 seconds. CPU system time: 0 seconds. Elapsed time: 0.04 seconds; current allocated memory: 765.082 MB.
INFO: [HLS 200-10] ----------------------------------------------------------------
INFO: [HLS 200-42] -- Implementing module 'plan5_scan_all_stage' 
INFO: [HLS 200-10] ----------------------------------------------------------------
INFO: [SCHED 204-11] Starting scheduling ...
INFO: [SCHED 204-11] Finished scheduling.
INFO: [HLS 200-111] Finished Scheduling: CPU user time: 0.03 seconds. CPU system time: 0 seconds. Elapsed time: 0.05 seconds; current allocated memory: 765.230 MB.
INFO: [BIND 205-100] Starting micro-architecture generation ...
INFO: [BIND 205-101] Performing variable lifetime analysis.
INFO: [BIND 205-101] Exploring resource sharing.
INFO: [BIND 205-101] Binding ...
INFO: [BIND 205-100] Finished micro-architecture generation.
INFO: [HLS 200-111] Finished Binding: CPU user time: 0.01 seconds. CPU system time: 0.01 seconds. Elapsed time: 0.04 seconds; current allocated memory: 765.230 MB.
INFO: [HLS 200-10] ----------------------------------------------------------------
INFO: [HLS 200-42] -- Implementing module 'plan5_pipeline_pe_Pipeline_ROW_PTR_LOAD_AND_REPL' 
INFO: [HLS 200-10] ----------------------------------------------------------------
INFO: [SCHED 204-11] Starting scheduling ...
WARNING: [HLS 200-2042] Usage of URAM can potentially cause worse II as Vitis HLS does not exploit read-first mode for URAMs. Consider using BRAMs instead.
WARNING: [HLS 200-2042] Usage of URAM can potentially cause worse II as Vitis HLS does not exploit read-first mode for URAMs. Consider using BRAMs instead.
WARNING: [HLS 200-2042] Usage of URAM can potentially cause worse II as Vitis HLS does not exploit read-first mode for URAMs. Consider using BRAMs instead.
WARNING: [HLS 200-2042] Usage of URAM can potentially cause worse II as Vitis HLS does not exploit read-first mode for URAMs. Consider using BRAMs instead.
WARNING: [HLS 200-2042] Usage of URAM can potentially cause worse II as Vitis HLS does not exploit read-first mode for URAMs. Consider using BRAMs instead.
INFO: [SCHED 204-61] Pipelining loop 'ROW_PTR_LOAD_AND_REPL'.
INFO: [HLS 200-1470] Pipelining result : Target II = 1, Final II = 1, Depth = 3, loop 'ROW_PTR_LOAD_AND_REPL'
INFO: [SCHED 204-11] Finished scheduling.
INFO: [HLS 200-111] Finished Scheduling: CPU user time: 0.06 seconds. CPU system time: 0 seconds. Elapsed time: 0.1 seconds; current allocated memory: 765.621 MB.
INFO: [BIND 205-100] Starting micro-architecture generation ...
INFO: [BIND 205-101] Performing variable lifetime analysis.
INFO: [BIND 205-101] Exploring resource sharing.
INFO: [BIND 205-101] Binding ...
INFO: [BIND 205-100] Finished micro-architecture generation.
INFO: [HLS 200-111] Finished Binding: CPU user time: 0.02 seconds. CPU system time: 0 seconds. Elapsed time: 0.05 seconds; current allocated memory: 765.621 MB.
INFO: [HLS 200-10] ----------------------------------------------------------------
INFO: [HLS 200-42] -- Implementing module 'plan5_intersect_emit_stage_Pipeline_LOAD_A_LOCAL' 
INFO: [HLS 200-10] ----------------------------------------------------------------
INFO: [SCHED 204-11] Starting scheduling ...
INFO: [SCHED 204-61] Pipelining loop 'LOAD_A_LOCAL'.
INFO: [HLS 200-1470] Pipelining result : Target II = 1, Final II = 1, Depth = 3, loop 'LOAD_A_LOCAL'
INFO: [SCHED 204-11] Finished scheduling.
INFO: [HLS 200-111] Finished Scheduling: CPU user time: 0.04 seconds. CPU system time: 0 seconds. Elapsed time: 0.06 seconds; current allocated memory: 765.973 MB.
INFO: [BIND 205-100] Starting micro-architecture generation ...
INFO: [BIND 205-101] Performing variable lifetime analysis.
INFO: [BIND 205-101] Exploring resource sharing.
INFO: [BIND 205-101] Binding ...
INFO: [BIND 205-100] Finished micro-architecture generation.
INFO: [HLS 200-111] Finished Binding: CPU user time: 0.02 seconds. CPU system time: 0 seconds. Elapsed time: 0.04 seconds; current allocated memory: 765.973 MB.
INFO: [HLS 200-10] ----------------------------------------------------------------
INFO: [HLS 200-42] -- Implementing module 'plan5_intersect_emit_stage_Pipeline_LOAD_B_LOCAL' 
INFO: [HLS 200-10] ----------------------------------------------------------------
INFO: [SCHED 204-11] Starting scheduling ...
INFO: [SCHED 204-61] Pipelining loop 'LOAD_B_LOCAL'.
INFO: [HLS 200-1470] Pipelining result : Target II = 1, Final II = 1, Depth = 3, loop 'LOAD_B_LOCAL'
INFO: [SCHED 204-11] Finished scheduling.
INFO: [HLS 200-111] Finished Scheduling: CPU user time: 0.04 seconds. CPU system time: 0 seconds. Elapsed time: 0.07 seconds; current allocated memory: 766.285 MB.
INFO: [BIND 205-100] Starting micro-architecture generation ...
INFO: [BIND 205-101] Performing variable lifetime analysis.
INFO: [BIND 205-101] Exploring resource sharing.
INFO: [BIND 205-101] Binding ...
INFO: [BIND 205-100] Finished micro-architecture generation.
INFO: [HLS 200-111] Finished Binding: CPU user time: 0.01 seconds. CPU system time: 0.01 seconds. Elapsed time: 0.04 seconds; current allocated memory: 766.285 MB.
INFO: [HLS 200-10] ----------------------------------------------------------------
INFO: [HLS 200-42] -- Implementing module 'Feeder_FIFO_MIN_stage_Pipeline_load_A_fifo' 
INFO: [HLS 200-10] ----------------------------------------------------------------
INFO: [SCHED 204-11] Starting scheduling ...
INFO: [SCHED 204-61] Pipelining loop 'load_A_fifo'.
INFO: [HLS 200-1470] Pipelining result : Target II = 1, Final II = 1, Depth = 4, loop 'load_A_fifo'
INFO: [SCHED 204-11] Finished scheduling.
INFO: [HLS 200-111] Finished Scheduling: CPU user time: 0.13 seconds. CPU system time: 0.01 seconds. Elapsed time: 0.16 seconds; current allocated memory: 770.023 MB.
INFO: [BIND 205-100] Starting micro-architecture generation ...
INFO: [BIND 205-101] Performing variable lifetime analysis.
INFO: [BIND 205-101] Exploring resource sharing.
INFO: [BIND 205-101] Binding ...
INFO: [BIND 205-100] Finished micro-architecture generation.
INFO: [HLS 200-111] Finished Binding: CPU user time: 0.03 seconds. CPU system time: 0 seconds. Elapsed time: 0.06 seconds; current allocated memory: 770.023 MB.
INFO: [HLS 200-10] ----------------------------------------------------------------
INFO: [HLS 200-42] -- Implementing module 'Feeder_FIFO_MIN_stage_Pipeline_load_B_fifo' 
INFO: [HLS 200-10] ----------------------------------------------------------------
INFO: [SCHED 204-11] Starting scheduling ...
INFO: [SCHED 204-61] Pipelining loop 'load_B_fifo'.
INFO: [HLS 200-1470] Pipelining result : Target II = 1, Final II = 1, Depth = 4, loop 'load_B_fifo'
INFO: [SCHED 204-11] Finished scheduling.
INFO: [HLS 200-111] Finished Scheduling: CPU user time: 0.13 seconds. CPU system time: 0 seconds. Elapsed time: 0.16 seconds; current allocated memory: 771.582 MB.
INFO: [BIND 205-100] Starting micro-architecture generation ...
INFO: [BIND 205-101] Performing variable lifetime analysis.
INFO: [BIND 205-101] Exploring resource sharing.
INFO: [BIND 205-101] Binding ...
INFO: [BIND 205-100] Finished micro-architecture generation.
INFO: [HLS 200-111] Finished Binding: CPU user time: 0.03 seconds. CPU system time: 0 seconds. Elapsed time: 0.06 seconds; current allocated memory: 771.582 MB.
INFO: [HLS 200-10] ----------------------------------------------------------------
INFO: [HLS 200-42] -- Implementing module 'Feeder_FIFO_MIN_stage_Pipeline_feed_stream_loop' 
INFO: [HLS 200-10] ----------------------------------------------------------------
INFO: [SCHED 204-11] Starting scheduling ...
INFO: [SCHED 204-61] Pipelining loop 'feed_stream_loop'.
INFO: [HLS 200-1470] Pipelining result : Target II = 1, Final II = 1, Depth = 3, loop 'feed_stream_loop'
WARNING: [HLS 200-871] Estimated clock period (3.311 ns) exceeds the target (target clock period: 4.000 ns, clock uncertainty: 1.080 ns, effective delay budget: 2.920 ns).
Resolution: For help on HLS 200-871 see docs.xilinx.com/access/sources/dita/topic?Doc_Version=2023.2%20English&url=ug1448-hls-guidance&resourceid=200-871.html
WARNING: [HLS 200-1016] The critical path in module 'Feeder_FIFO_MIN_stage_Pipeline_feed_stream_loop' consists of the following:
	'load' operation 32 bit ('a', src/kernel/siu_core_6.hpp:560) on array 'fifoA_7' [363]  (1.196 ns)
	'select' operation 32 bit ('a', src/kernel/siu_core_6.hpp:517) [364]  (0.227 ns)
	'icmp' operation 1 bit ('icmp_ln48_31', src/merge_kernel_SIU_v8_gemini_1.h:48->src/kernel/siu_core_6.hpp:563) [372]  (0.833 ns)
	'or' operation 1 bit ('or_ln565_7', src/kernel/siu_core_6.hpp:565) [374]  (0.122 ns)
	'xor' operation 1 bit ('xor_ln565_15', src/kernel/siu_core_6.hpp:565) [377]  (0.000 ns)
	'or' operation 1 bit ('or_ln565_15', src/kernel/siu_core_6.hpp:565) [378]  (0.122 ns)
	'or' operation 1 bit ('or_ln587', src/kernel/siu_core_6.hpp:587) [428]  (0.122 ns)
	'select' operation 9 bit ('select_ln587', src/kernel/siu_core_6.hpp:587) [431]  (0.303 ns)
	'store' operation 0 bit ('conv3_i_i28200_write_ln587', src/kernel/siu_core_6.hpp:587) of variable 'select_ln587', src/kernel/siu_core_6.hpp:587 on local variable 'conv3_i_i28200' [468]  (0.387 ns)

Resolution: For help on HLS 200-1016 see docs.xilinx.com/access/sources/dita/topic?Doc_Version=2023.2%20English&url=ug1448-hls-guidance&resourceid=200-1016.html
INFO: [SCHED 204-11] Finished scheduling.
INFO: [HLS 200-111] Finished Scheduling: CPU user time: 0.24 seconds. CPU system time: 0.01 seconds. Elapsed time: 0.29 seconds; current allocated memory: 773.945 MB.
INFO: [BIND 205-100] Starting micro-architecture generation ...
INFO: [BIND 205-101] Performing variable lifetime analysis.
INFO: [BIND 205-101] Exploring resource sharing.
INFO: [BIND 205-101] Binding ...
INFO: [BIND 205-100] Finished micro-architecture generation.
INFO: [HLS 200-111] Finished Binding: CPU user time: 0.05 seconds. CPU system time: 0 seconds. Elapsed time: 0.07 seconds; current allocated memory: 773.945 MB.
INFO: [HLS 200-10] ----------------------------------------------------------------
INFO: [HLS 200-42] -- Implementing module 'Feeder_FIFO_MIN_stage' 
INFO: [HLS 200-10] ----------------------------------------------------------------
INFO: [SCHED 204-11] Starting scheduling ...
INFO: [SCHED 204-11] Finished scheduling.
INFO: [HLS 200-111] Finished Scheduling: CPU user time: 0.07 seconds. CPU system time: 0 seconds. Elapsed time: 0.1 seconds; current allocated memory: 773.945 MB.
INFO: [BIND 205-100] Starting micro-architecture generation ...
INFO: [BIND 205-101] Performing variable lifetime analysis.
INFO: [BIND 205-101] Exploring resource sharing.
INFO: [BIND 205-101] Binding ...
INFO: [BIND 205-100] Finished micro-architecture generation.
INFO: [HLS 200-111] Finished Binding: CPU user time: 0.04 seconds. CPU system time: 0 seconds. Elapsed time: 0.06 seconds; current allocated memory: 773.945 MB.
INFO: [HLS 200-10] ----------------------------------------------------------------
INFO: [HLS 200-42] -- Implementing module 'CAS_stage_stream_fifo' 
INFO: [HLS 200-10] ----------------------------------------------------------------
INFO: [SCHED 204-11] Starting scheduling ...
INFO: [SCHED 204-61] Pipelining loop 'CAS_STREAM_LOOP_FIFO'.
INFO: [HLS 200-1470] Pipelining result : Target II = 1, Final II = 1, Depth = 4, loop 'CAS_STREAM_LOOP_FIFO'
INFO: [SCHED 204-11] Finished scheduling.
INFO: [HLS 200-111] Finished Scheduling: CPU user time: 0.1 seconds. CPU system time: 0 seconds. Elapsed time: 0.12 seconds; current allocated memory: 778.672 MB.
INFO: [BIND 205-100] Starting micro-architecture generation ...
INFO: [BIND 205-101] Performing variable lifetime analysis.
INFO: [BIND 205-101] Exploring resource sharing.
INFO: [BIND 205-101] Binding ...
INFO: [BIND 205-100] Finished micro-architecture generation.
INFO: [HLS 200-111] Finished Binding: CPU user time: 0.04 seconds. CPU system time: 0.01 seconds. Elapsed time: 0.06 seconds; current allocated memory: 778.672 MB.
INFO: [HLS 200-10] ----------------------------------------------------------------
INFO: [HLS 200-42] -- Implementing module 'Merge_stage_stream_fifo' 
INFO: [HLS 200-10] ----------------------------------------------------------------
INFO: [SCHED 204-11] Starting scheduling ...
INFO: [SCHED 204-61] Pipelining loop 'MERGE_STREAM_LOOP_FIFO'.
INFO: [HLS 200-1470] Pipelining result : Target II = 1, Final II = 1, Depth = 2, loop 'MERGE_STREAM_LOOP_FIFO'
INFO: [SCHED 204-11] Finished scheduling.
INFO: [HLS 200-111] Finished Scheduling: CPU user time: 0.07 seconds. CPU system time: 0 seconds. Elapsed time: 0.11 seconds; current allocated memory: 778.672 MB.
INFO: [BIND 205-100] Starting micro-architecture generation ...
INFO: [BIND 205-101] Performing variable lifetime analysis.
INFO: [BIND 205-101] Exploring resource sharing.
INFO: [BIND 205-101] Binding ...
INFO: [BIND 205-100] Finished micro-architecture generation.
INFO: [HLS 200-111] Finished Binding: CPU user time: 0.03 seconds. CPU system time: 0.01 seconds. Elapsed time: 0.06 seconds; current allocated memory: 778.672 MB.
INFO: [HLS 200-10] ----------------------------------------------------------------
INFO: [HLS 200-42] -- Implementing module 'Compact_stage_stream_fifo' 
INFO: [HLS 200-10] ----------------------------------------------------------------
INFO: [SCHED 204-11] Starting scheduling ...
INFO: [SCHED 204-61] Pipelining loop 'COMPACT_STREAM_LOOP_FIFO'.
INFO: [HLS 200-1470] Pipelining result : Target II = 1, Final II = 1, Depth = 5, loop 'COMPACT_STREAM_LOOP_FIFO'
INFO: [SCHED 204-11] Finished scheduling.
INFO: [HLS 200-111] Finished Scheduling: CPU user time: 0.15 seconds. CPU system time: 0.02 seconds. Elapsed time: 0.2 seconds; current allocated memory: 781.574 MB.
INFO: [BIND 205-100] Starting micro-architecture generation ...
INFO: [BIND 205-101] Performing variable lifetime analysis.
INFO: [BIND 205-101] Exploring resource sharing.
INFO: [BIND 205-101] Binding ...
INFO: [BIND 205-100] Finished micro-architecture generation.
INFO: [HLS 200-111] Finished Binding: CPU user time: 0.04 seconds. CPU system time: 0 seconds. Elapsed time: 0.08 seconds; current allocated memory: 781.574 MB.
INFO: [HLS 200-10] ----------------------------------------------------------------
INFO: [HLS 200-42] -- Implementing module 'plan5_store_intersection_blocks_fifo_Pipeline_STORE_INTERSECTION_BLOCKS' 
INFO: [HLS 200-10] ----------------------------------------------------------------
INFO: [SCHED 204-11] Starting scheduling ...
INFO: [SCHED 204-61] Pipelining loop 'STORE_INTERSECTION_BLOCKS'.
INFO: [HLS 200-1470] Pipelining result : Target II = 1, Final II = 1, Depth = 3, loop 'STORE_INTERSECTION_BLOCKS'
WARNING: [HLS 200-871] Estimated clock period (3.481 ns) exceeds the target (target clock period: 4.000 ns, clock uncertainty: 1.080 ns, effective delay budget: 2.920 ns).
Resolution: For help on HLS 200-871 see docs.xilinx.com/access/sources/dita/topic?Doc_Version=2023.2%20English&url=ug1448-hls-guidance&resourceid=200-871.html
WARNING: [HLS 200-1016] The critical path in module 'plan5_store_intersection_blocks_fifo_Pipeline_STORE_INTERSECTION_BLOCKS' consists of the following:
	'load' operation 32 bit ('out_len', src/kernel/siu_core_6.hpp:842) on local variable 'out_len', src/kernel/siu_core_6.hpp:839 [40]  (0.000 ns)
	'sub' operation 32 bit ('sub_ln869', src/kernel/siu_core_6.hpp:869) [128]  (0.880 ns)
	'select' operation 32 bit ('space_left', src/kernel/siu_core_6.hpp:869) [129]  (0.227 ns)
	'icmp' operation 1 bit ('icmp_ln870', src/kernel/siu_core_6.hpp:870) [130]  (0.880 ns)
	'select' operation 32 bit ('write_count', src/kernel/siu_core_6.hpp:870) [131]  (0.227 ns)
	'add' operation 32 bit ('out_len', src/kernel/siu_core_6.hpp:882) [461]  (0.880 ns)
	'store' operation 0 bit ('out_len_write_ln839', src/kernel/siu_core_6.hpp:839) of variable 'out_len', src/kernel/siu_core_6.hpp:882 on local variable 'out_len', src/kernel/siu_core_6.hpp:839 [463]  (0.387 ns)

Resolution: For help on HLS 200-1016 see docs.xilinx.com/access/sources/dita/topic?Doc_Version=2023.2%20English&url=ug1448-hls-guidance&resourceid=200-1016.html
INFO: [SCHED 204-11] Finished scheduling.
INFO: [HLS 200-111] Finished Scheduling: CPU user time: 0.28 seconds. CPU system time: 0.01 seconds. Elapsed time: 0.33 seconds; current allocated memory: 787.387 MB.
INFO: [BIND 205-100] Starting micro-architecture generation ...
INFO: [BIND 205-101] Performing variable lifetime analysis.
INFO: [BIND 205-101] Exploring resource sharing.
INFO: [BIND 205-101] Binding ...
INFO: [BIND 205-100] Finished micro-architecture generation.
INFO: [HLS 200-111] Finished Binding: CPU user time: 0.06 seconds. CPU system time: 0 seconds. Elapsed time: 0.09 seconds; current allocated memory: 787.387 MB.
INFO: [HLS 200-10] ----------------------------------------------------------------
INFO: [HLS 200-42] -- Implementing module 'plan5_store_intersection_blocks_fifo' 
INFO: [HLS 200-10] ----------------------------------------------------------------
INFO: [SCHED 204-11] Starting scheduling ...
INFO: [SCHED 204-11] Finished scheduling.
INFO: [HLS 200-111] Finished Scheduling: CPU user time: 0.05 seconds. CPU system time: 0.01 seconds. Elapsed time: 0.08 seconds; current allocated memory: 787.387 MB.
INFO: [BIND 205-100] Starting micro-architecture generation ...
INFO: [BIND 205-101] Performing variable lifetime analysis.
INFO: [BIND 205-101] Exploring resource sharing.
INFO: [BIND 205-101] Binding ...
INFO: [BIND 205-100] Finished micro-architecture generation.
INFO: [HLS 200-111] Finished Binding: CPU user time: 0.03 seconds. CPU system time: 0 seconds. Elapsed time: 0.06 seconds; current allocated memory: 787.387 MB.
INFO: [HLS 200-10] ----------------------------------------------------------------
INFO: [HLS 200-42] -- Implementing module 'plan5_read_out_len_stage' 
INFO: [HLS 200-10] ----------------------------------------------------------------
INFO: [SCHED 204-11] Starting scheduling ...
INFO: [SCHED 204-11] Finished scheduling.
INFO: [HLS 200-111] Finished Scheduling: CPU user time: 0.03 seconds. CPU system time: 0 seconds. Elapsed time: 0.05 seconds; current allocated memory: 787.387 MB.
INFO: [BIND 205-100] Starting micro-architecture generation ...
INFO: [BIND 205-101] Performing variable lifetime analysis.
INFO: [BIND 205-101] Exploring resource sharing.
INFO: [BIND 205-101] Binding ...
INFO: [BIND 205-100] Finished micro-architecture generation.
INFO: [HLS 200-111] Finished Binding: CPU user time: 0.03 seconds. CPU system time: 0 seconds. Elapsed time: 0.04 seconds; current allocated memory: 787.387 MB.
INFO: [HLS 200-10] ----------------------------------------------------------------
INFO: [HLS 200-42] -- Implementing module 'plan5_siu_collect_intersection_blocks' 
INFO: [HLS 200-10] ----------------------------------------------------------------
INFO: [SCHED 204-11] Starting scheduling ...
INFO: [SCHED 204-11] Finished scheduling.
INFO: [HLS 200-111] Finished Scheduling: CPU user time: 0.04 seconds. CPU system time: 0.01 seconds. Elapsed time: 0.08 seconds; current allocated memory: 787.387 MB.
INFO: [BIND 205-100] Starting micro-architecture generation ...
INFO: [BIND 205-101] Performing variable lifetime analysis.
INFO: [BIND 205-101] Exploring resource sharing.
INFO: [BIND 205-101] Binding ...
INFO: [BIND 205-100] Finished micro-architecture generation.
INFO: [HLS 200-111] Finished Binding: CPU user time: 0.04 seconds. CPU system time: 0 seconds. Elapsed time: 0.06 seconds; current allocated memory: 787.387 MB.
INFO: [HLS 200-10] ----------------------------------------------------------------
INFO: [HLS 200-42] -- Implementing module 'plan5_intersect_emit_stage_Pipeline_EMIT_INTERSECTION_BLOCKS' 
INFO: [HLS 200-10] ----------------------------------------------------------------
INFO: [SCHED 204-11] Starting scheduling ...
INFO: [SCHED 204-61] Pipelining loop 'EMIT_INTERSECTION_BLOCKS'.
WARNING: [HLS 200-878] Unable to schedule the loop exit test ('and' operation 1 bit ('and_ln375', src/kernel/task_executor_v16_origin8.hpp:375)) in the first pipeline iteration (II = 1 cycles).
Resolution: For help on HLS 200-878 see docs.xilinx.com/access/sources/dita/topic?Doc_Version=2023.2%20English&url=ug1448-hls-guidance&resourceid=200-878.html
WARNING: [HLS 200-880] The II Violation in module 'plan5_intersect_emit_stage_Pipeline_EMIT_INTERSECTION_BLOCKS' (loop 'EMIT_INTERSECTION_BLOCKS'): Unable to enforce a carried dependence constraint (II = 2, distance = 1, offset = 1) between fifo write operation ('s5_write_ln398', src/kernel/task_executor_v16_origin8.hpp:398) on port 's5' (src/kernel/task_executor_v16_origin8.hpp:398) and fifo write operation ('s5_write_ln398', src/kernel/task_executor_v16_origin8.hpp:398) on port 's5' (src/kernel/task_executor_v16_origin8.hpp:398).
Resolution: For help on HLS 200-880 see docs.xilinx.com/access/sources/dita/topic?Doc_Version=2023.2%20English&url=ug1448-hls-guidance&resourceid=200-880.html
WARNING: [HLS 200-880] The II Violation in module 'plan5_intersect_emit_stage_Pipeline_EMIT_INTERSECTION_BLOCKS' (loop 'EMIT_INTERSECTION_BLOCKS'): Unable to enforce a carried dependence constraint (II = 3, distance = 1, offset = 1) between fifo write operation ('s5_write_ln398', src/kernel/task_executor_v16_origin8.hpp:398) on port 's5' (src/kernel/task_executor_v16_origin8.hpp:398) and fifo write operation ('s5_write_ln398', src/kernel/task_executor_v16_origin8.hpp:398) on port 's5' (src/kernel/task_executor_v16_origin8.hpp:398).
Resolution: For help on HLS 200-880 see docs.xilinx.com/access/sources/dita/topic?Doc_Version=2023.2%20English&url=ug1448-hls-guidance&resourceid=200-880.html
WARNING: [HLS 200-880] The II Violation in module 'plan5_intersect_emit_stage_Pipeline_EMIT_INTERSECTION_BLOCKS' (loop 'EMIT_INTERSECTION_BLOCKS'): Unable to enforce a carried dependence constraint (II = 4, distance = 1, offset = 1) between fifo write operation ('s5_write_ln398', src/kernel/task_executor_v16_origin8.hpp:398) on port 's5' (src/kernel/task_executor_v16_origin8.hpp:398) and fifo write operation ('s5_write_ln398', src/kernel/task_executor_v16_origin8.hpp:398) on port 's5' (src/kernel/task_executor_v16_origin8.hpp:398).
Resolution: For help on HLS 200-880 see docs.xilinx.com/access/sources/dita/topic?Doc_Version=2023.2%20English&url=ug1448-hls-guidance&resourceid=200-880.html
WARNING: [HLS 200-880] The II Violation in module 'plan5_intersect_emit_stage_Pipeline_EMIT_INTERSECTION_BLOCKS' (loop 'EMIT_INTERSECTION_BLOCKS'): Unable to enforce a carried dependence constraint (II = 7, distance = 1, offset = 1) between fifo write operation ('s5_write_ln398', src/kernel/task_executor_v16_origin8.hpp:398) on port 's5' (src/kernel/task_executor_v16_origin8.hpp:398) and fifo write operation ('s5_write_ln398', src/kernel/task_executor_v16_origin8.hpp:398) on port 's5' (src/kernel/task_executor_v16_origin8.hpp:398).
Resolution: For help on HLS 200-880 see docs.xilinx.com/access/sources/dita/topic?Doc_Version=2023.2%20English&url=ug1448-hls-guidance&resourceid=200-880.html
INFO: [HLS 200-1470] Pipelining result : Target II = 1, Final II = 8, Depth = 10, loop 'EMIT_INTERSECTION_BLOCKS'
INFO: [SCHED 204-11] Finished scheduling.
INFO: [HLS 200-111] Finished Scheduling: CPU user time: 0.18 seconds. CPU system time: 0 seconds. Elapsed time: 0.23 seconds; current allocated memory: 787.387 MB.
INFO: [BIND 205-100] Starting micro-architecture generation ...
INFO: [BIND 205-101] Performing variable lifetime analysis.
INFO: [BIND 205-101] Exploring resource sharing.
INFO: [BIND 205-101] Binding ...
INFO: [BIND 205-100] Finished micro-architecture generation.
INFO: [HLS 200-111] Finished Binding: CPU user time: 0.04 seconds. CPU system time: 0.01 seconds. Elapsed time: 0.07 seconds; current allocated memory: 787.387 MB.
INFO: [HLS 200-10] ----------------------------------------------------------------
INFO: [HLS 200-42] -- Implementing module 'plan5_intersect_emit_stage' 
INFO: [HLS 200-10] ----------------------------------------------------------------
INFO: [SCHED 204-11] Starting scheduling ...
WARNING: [HLS 200-2042] Usage of URAM can potentially cause worse II as Vitis HLS does not exploit read-first mode for URAMs. Consider using BRAMs instead.
WARNING: [HLS 200-2042] Usage of URAM can potentially cause worse II as Vitis HLS does not exploit read-first mode for URAMs. Consider using BRAMs instead.
WARNING: [HLS 200-2042] Usage of URAM can potentially cause worse II as Vitis HLS does not exploit read-first mode for URAMs. Consider using BRAMs instead.
WARNING: [HLS 200-2042] Usage of URAM can potentially cause worse II as Vitis HLS does not exploit read-first mode for URAMs. Consider using BRAMs instead.
INFO: [SCHED 204-11] Finished scheduling.
INFO: [HLS 200-111] Finished Scheduling: CPU user time: 0.11 seconds. CPU system time: 0.01 seconds. Elapsed time: 0.16 seconds; current allocated memory: 787.387 MB.
INFO: [BIND 205-100] Starting micro-architecture generation ...
INFO: [BIND 205-101] Performing variable lifetime analysis.
INFO: [BIND 205-101] Exploring resource sharing.
INFO: [BIND 205-101] Binding ...
INFO: [BIND 205-100] Finished micro-architecture generation.
INFO: [HLS 200-111] Finished Binding: CPU user time: 0.05 seconds. CPU system time: 0 seconds. Elapsed time: 0.08 seconds; current allocated memory: 787.387 MB.
INFO: [HLS 200-10] ----------------------------------------------------------------
INFO: [HLS 200-42] -- Implementing module 'plan5_expand_nbr_stage_Pipeline_BLK_LOOP' 
INFO: [HLS 200-10] ----------------------------------------------------------------
INFO: [SCHED 204-11] Starting scheduling ...
INFO: [SCHED 204-61] Pipelining loop 'BLK_LOOP'.
WARNING: [HLS 200-878] Unable to schedule the loop exit test ('and' operation 1 bit ('and_ln273', src/kernel/task_executor_v16_origin8.hpp:273)) in the first pipeline iteration (II = 1 cycles).
Resolution: For help on HLS 200-878 see docs.xilinx.com/access/sources/dita/topic?Doc_Version=2023.2%20English&url=ug1448-hls-guidance&resourceid=200-878.html
WARNING: [HLS 200-878] Unable to schedule the loop exit test ('and' operation 1 bit ('and_ln273', src/kernel/task_executor_v16_origin8.hpp:273)) in the first pipeline iteration (II = 2 cycles).
Resolution: For help on HLS 200-878 see docs.xilinx.com/access/sources/dita/topic?Doc_Version=2023.2%20English&url=ug1448-hls-guidance&resourceid=200-878.html
WARNING: [HLS 200-878] Unable to schedule the loop exit test ('and' operation 1 bit ('and_ln273', src/kernel/task_executor_v16_origin8.hpp:273)) in the first pipeline iteration (II = 3 cycles).
Resolution: For help on HLS 200-878 see docs.xilinx.com/access/sources/dita/topic?Doc_Version=2023.2%20English&url=ug1448-hls-guidance&resourceid=200-878.html
WARNING: [HLS 200-878] Unable to schedule the loop exit test ('and' operation 1 bit ('and_ln273', src/kernel/task_executor_v16_origin8.hpp:273)) in the first pipeline iteration (II = 4 cycles).
Resolution: For help on HLS 200-878 see docs.xilinx.com/access/sources/dita/topic?Doc_Version=2023.2%20English&url=ug1448-hls-guidance&resourceid=200-878.html
WARNING: [HLS 200-878] Unable to schedule the loop exit test ('and' operation 1 bit ('and_ln273', src/kernel/task_executor_v16_origin8.hpp:273)) in the first pipeline iteration (II = 7 cycles).
Resolution: For help on HLS 200-878 see docs.xilinx.com/access/sources/dita/topic?Doc_Version=2023.2%20English&url=ug1448-hls-guidance&resourceid=200-878.html
WARNING: [HLS 200-878] Unable to schedule the loop exit test ('and' operation 1 bit ('and_ln273', src/kernel/task_executor_v16_origin8.hpp:273)) in the first pipeline iteration (II = 9 cycles).
Resolution: For help on HLS 200-878 see docs.xilinx.com/access/sources/dita/topic?Doc_Version=2023.2%20English&url=ug1448-hls-guidance&resourceid=200-878.html
WARNING: [HLS 200-878] Unable to schedule the loop exit test ('and' operation 1 bit ('and_ln273', src/kernel/task_executor_v16_origin8.hpp:273)) in the first pipeline iteration (II = 10 cycles).
Resolution: For help on HLS 200-878 see docs.xilinx.com/access/sources/dita/topic?Doc_Version=2023.2%20English&url=ug1448-hls-guidance&resourceid=200-878.html
INFO: [HLS 200-1470] Pipelining result : Target II = 1, Final II = 11, Depth = 19, loop 'BLK_LOOP'
WARNING: [HLS 200-871] Estimated clock period (4.454 ns) exceeds the target (target clock period: 4.000 ns, clock uncertainty: 1.080 ns, effective delay budget: 2.920 ns).
Resolution: For help on HLS 200-871 see docs.xilinx.com/access/sources/dita/topic?Doc_Version=2023.2%20English&url=ug1448-hls-guidance&resourceid=200-871.html
WARNING: [HLS 200-1016] The critical path in module 'plan5_expand_nbr_stage_Pipeline_BLK_LOOP' consists of the following:
	'store' operation 0 bit ('i_2_write_ln269', src/kernel/task_executor_v16_origin8.hpp:269) of variable 'start_read' on local variable 'i', src/kernel/task_executor_v16_origin8.hpp:269 [46]  (0.387 ns)
	'load' operation 32 bit ('i', src/kernel/task_executor_v16_origin8.hpp:269) on local variable 'i', src/kernel/task_executor_v16_origin8.hpp:269 [49]  (0.000 ns)
	'add' operation 64 bit ('add_ln271', src/kernel/task_executor_v16_origin8.hpp:271) [58]  (1.147 ns)
	'getelementptr' operation 32 bit ('gmem_pe0_L4_addr', src/kernel/task_executor_v16_origin8.hpp:271) [61]  (0.000 ns)
	bus request operation ('blk_req', src/kernel/task_executor_v16_origin8.hpp:271) on port 'gmem_pe0_L4' (src/kernel/task_executor_v16_origin8.hpp:271) [62]  (2.920 ns)

Resolution: For help on HLS 200-1016 see docs.xilinx.com/access/sources/dita/topic?Doc_Version=2023.2%20English&url=ug1448-hls-guidance&resourceid=200-1016.html
INFO: [SCHED 204-11] Finished scheduling.
INFO: [HLS 200-111] Finished Scheduling: CPU user time: 0.17 seconds. CPU system time: 0.01 seconds. Elapsed time: 0.25 seconds; current allocated memory: 789.965 MB.
INFO: [BIND 205-100] Starting micro-architecture generation ...
INFO: [BIND 205-101] Performing variable lifetime analysis.
INFO: [BIND 205-101] Exploring resource sharing.
INFO: [BIND 205-101] Binding ...
INFO: [BIND 205-100] Finished micro-architecture generation.
INFO: [HLS 200-111] Finished Binding: CPU user time: 0.05 seconds. CPU system time: 0 seconds. Elapsed time: 0.08 seconds; current allocated memory: 789.965 MB.
INFO: [HLS 200-10] ----------------------------------------------------------------
INFO: [HLS 200-42] -- Implementing module 'plan5_expand_nbr_stage' 
INFO: [HLS 200-10] ----------------------------------------------------------------
INFO: [SCHED 204-11] Starting scheduling ...
WARNING: [HLS 200-2042] Usage of URAM can potentially cause worse II as Vitis HLS does not exploit read-first mode for URAMs. Consider using BRAMs instead.
WARNING: [HLS 200-2042] Usage of URAM can potentially cause worse II as Vitis HLS does not exploit read-first mode for URAMs. Consider using BRAMs instead.
WARNING: [HLS 200-871] Estimated clock period (4.454 ns) exceeds the target (target clock period: 4.000 ns, clock uncertainty: 1.080 ns, effective delay budget: 2.920 ns).
Resolution: For help on HLS 200-871 see docs.xilinx.com/access/sources/dita/topic?Doc_Version=2023.2%20English&url=ug1448-hls-guidance&resourceid=200-871.html
WARNING: [HLS 200-1016] The critical path in module 'plan5_expand_nbr_stage' consists of the following:
	'call' operation 1 bit ('targetBlock', src/kernel/task_executor_v16_origin8.hpp:263) to 'plan5_expand_nbr_stage_Pipeline_BLK_LOOP' [98]  (4.454 ns)

Resolution: For help on HLS 200-1016 see docs.xilinx.com/access/sources/dita/topic?Doc_Version=2023.2%20English&url=ug1448-hls-guidance&resourceid=200-1016.html
INFO: [SCHED 204-11] Finished scheduling.
INFO: [HLS 200-111] Finished Scheduling: CPU user time: 0.07 seconds. CPU system time: 0 seconds. Elapsed time: 0.12 seconds; current allocated memory: 790.117 MB.
INFO: [BIND 205-100] Starting micro-architecture generation ...
INFO: [BIND 205-101] Performing variable lifetime analysis.
INFO: [BIND 205-101] Exploring resource sharing.
INFO: [BIND 205-101] Binding ...
INFO: [BIND 205-100] Finished micro-architecture generation.
INFO: [HLS 200-111] Finished Binding: CPU user time: 0.03 seconds. CPU system time: 0.01 seconds. Elapsed time: 0.07 seconds; current allocated memory: 790.117 MB.
INFO: [HLS 200-10] ----------------------------------------------------------------
INFO: [HLS 200-42] -- Implementing module 'plan5_forward_stage' 
INFO: [HLS 200-10] ----------------------------------------------------------------
INFO: [SCHED 204-11] Starting scheduling ...
INFO: [SCHED 204-61] Pipelining loop 'FORWARD_LOOP'.
INFO: [HLS 200-1470] Pipelining result : Target II = 1, Final II = 1, Depth = 1, loop 'FORWARD_LOOP'
INFO: [SCHED 204-11] Finished scheduling.
INFO: [HLS 200-111] Finished Scheduling: CPU user time: 0.04 seconds. CPU system time: 0 seconds. Elapsed time: 0.07 seconds; current allocated memory: 790.734 MB.
INFO: [BIND 205-100] Starting micro-architecture generation ...
INFO: [BIND 205-101] Performing variable lifetime analysis.
INFO: [BIND 205-101] Exploring resource sharing.
INFO: [BIND 205-101] Binding ...
INFO: [BIND 205-100] Finished micro-architecture generation.
INFO: [HLS 200-111] Finished Binding: CPU user time: 0.03 seconds. CPU system time: 0 seconds. Elapsed time: 0.05 seconds; current allocated memory: 790.734 MB.
INFO: [HLS 200-10] ----------------------------------------------------------------
INFO: [HLS 200-42] -- Implementing module 'plan5_level_unit' 
INFO: [HLS 200-10] ----------------------------------------------------------------
INFO: [SCHED 204-11] Starting scheduling ...
INFO: [SCHED 204-11] Finished scheduling.
INFO: [HLS 200-111] Finished Scheduling: CPU user time: 0.02 seconds. CPU system time: 0.01 seconds. Elapsed time: 0.06 seconds; current allocated memory: 790.734 MB.
INFO: [BIND 205-100] Starting micro-architecture generation ...
INFO: [BIND 205-101] Performing variable lifetime analysis.
INFO: [BIND 205-101] Exploring resource sharing.
INFO: [BIND 205-101] Binding ...
INFO: [BIND 205-100] Finished micro-architecture generation.
INFO: [HLS 200-111] Finished Binding: CPU user time: 0.05 seconds. CPU system time: 0 seconds. Elapsed time: 0.08 seconds; current allocated memory: 790.746 MB.
INFO: [HLS 200-10] ----------------------------------------------------------------
INFO: [HLS 200-42] -- Implementing module 'plan5_level_unit_5' 
INFO: [HLS 200-10] ----------------------------------------------------------------
INFO: [SCHED 204-11] Starting scheduling ...
INFO: [SCHED 204-11] Finished scheduling.
INFO: [HLS 200-111] Finished Scheduling: CPU user time: 0.05 seconds. CPU system time: 0.01 seconds. Elapsed time: 0.09 seconds; current allocated memory: 790.934 MB.
INFO: [BIND 205-100] Starting micro-architecture generation ...
INFO: [BIND 205-101] Performing variable lifetime analysis.
INFO: [BIND 205-101] Exploring resource sharing.
INFO: [BIND 205-101] Binding ...
INFO: [BIND 205-100] Finished micro-architecture generation.
INFO: [HLS 200-111] Finished Binding: CPU user time: 0.03 seconds. CPU system time: 0 seconds. Elapsed time: 0.07 seconds; current allocated memory: 791.184 MB.
INFO: [HLS 200-10] ----------------------------------------------------------------
INFO: [HLS 200-42] -- Implementing module 'plan5_level_unit_6' 
INFO: [HLS 200-10] ----------------------------------------------------------------
INFO: [SCHED 204-11] Starting scheduling ...
INFO: [SCHED 204-11] Finished scheduling.
INFO: [HLS 200-111] Finished Scheduling: CPU user time: 0.05 seconds. CPU system time: 0 seconds. Elapsed time: 0.09 seconds; current allocated memory: 791.312 MB.
INFO: [BIND 205-100] Starting micro-architecture generation ...
INFO: [BIND 205-101] Performing variable lifetime analysis.
INFO: [BIND 205-101] Exploring resource sharing.
INFO: [BIND 205-101] Binding ...
INFO: [BIND 205-100] Finished micro-architecture generation.
INFO: [HLS 200-111] Finished Binding: CPU user time: 0.03 seconds. CPU system time: 0 seconds. Elapsed time: 0.07 seconds; current allocated memory: 791.562 MB.
INFO: [HLS 200-10] ----------------------------------------------------------------
INFO: [HLS 200-42] -- Implementing module 'plan5_level_unit_7' 
INFO: [HLS 200-10] ----------------------------------------------------------------
INFO: [SCHED 204-11] Starting scheduling ...
INFO: [SCHED 204-11] Finished scheduling.
INFO: [HLS 200-111] Finished Scheduling: CPU user time: 0.05 seconds. CPU system time: 0.01 seconds. Elapsed time: 0.08 seconds; current allocated memory: 791.691 MB.
INFO: [BIND 205-100] Starting micro-architecture generation ...
INFO: [BIND 205-101] Performing variable lifetime analysis.
INFO: [BIND 205-101] Exploring resource sharing.
INFO: [BIND 205-101] Binding ...
INFO: [BIND 205-100] Finished micro-architecture generation.
INFO: [HLS 200-111] Finished Binding: CPU user time: 0.04 seconds. CPU system time: 0 seconds. Elapsed time: 0.07 seconds; current allocated memory: 791.938 MB.
INFO: [HLS 200-10] ----------------------------------------------------------------
INFO: [HLS 200-42] -- Implementing module 'plan5_level_unit_8' 
INFO: [HLS 200-10] ----------------------------------------------------------------
INFO: [SCHED 204-11] Starting scheduling ...
INFO: [SCHED 204-11] Finished scheduling.
INFO: [HLS 200-111] Finished Scheduling: CPU user time: 0.05 seconds. CPU system time: 0 seconds. Elapsed time: 0.09 seconds; current allocated memory: 792.066 MB.
INFO: [BIND 205-100] Starting micro-architecture generation ...
INFO: [BIND 205-101] Performing variable lifetime analysis.
INFO: [BIND 205-101] Exploring resource sharing.
INFO: [BIND 205-101] Binding ...
INFO: [BIND 205-100] Finished micro-architecture generation.
INFO: [HLS 200-111] Finished Binding: CPU user time: 0.04 seconds. CPU system time: 0 seconds. Elapsed time: 0.06 seconds; current allocated memory: 792.316 MB.
INFO: [HLS 200-10] ----------------------------------------------------------------
INFO: [HLS 200-42] -- Implementing module 'plan5_count_embeddings_Pipeline_COUNT_LOOP' 
INFO: [HLS 200-10] ----------------------------------------------------------------
INFO: [SCHED 204-11] Starting scheduling ...
INFO: [SCHED 204-61] Pipelining loop 'COUNT_LOOP'.
INFO: [HLS 200-1470] Pipelining result : Target II = 1, Final II = 1, Depth = 2, loop 'COUNT_LOOP'
INFO: [SCHED 204-11] Finished scheduling.
INFO: [HLS 200-111] Finished Scheduling: CPU user time: 0.07 seconds. CPU system time: 0 seconds. Elapsed time: 0.1 seconds; current allocated memory: 792.922 MB.
INFO: [BIND 205-100] Starting micro-architecture generation ...
INFO: [BIND 205-101] Performing variable lifetime analysis.
INFO: [BIND 205-101] Exploring resource sharing.
INFO: [BIND 205-101] Binding ...
INFO: [BIND 205-100] Finished micro-architecture generation.
INFO: [HLS 200-111] Finished Binding: CPU user time: 0.03 seconds. CPU system time: 0.01 seconds. Elapsed time: 0.06 seconds; current allocated memory: 792.922 MB.
INFO: [HLS 200-10] ----------------------------------------------------------------
INFO: [HLS 200-42] -- Implementing module 'plan5_count_embeddings' 
INFO: [HLS 200-10] ----------------------------------------------------------------
INFO: [SCHED 204-11] Starting scheduling ...
INFO: [SCHED 204-11] Finished scheduling.
INFO: [HLS 200-111] Finished Scheduling: CPU user time: 0.03 seconds. CPU system time: 0 seconds. Elapsed time: 0.07 seconds; current allocated memory: 793.137 MB.
INFO: [BIND 205-100] Starting micro-architecture generation ...
INFO: [BIND 205-101] Performing variable lifetime analysis.
INFO: [BIND 205-101] Exploring resource sharing.
INFO: [BIND 205-101] Binding ...
INFO: [BIND 205-100] Finished micro-architecture generation.
INFO: [HLS 200-111] Finished Binding: CPU user time: 0.03 seconds. CPU system time: 0.01 seconds. Elapsed time: 0.05 seconds; current allocated memory: 793.137 MB.
INFO: [HLS 200-10] ----------------------------------------------------------------
INFO: [HLS 200-42] -- Implementing module 'plan5_pipeline_pe_df' 
INFO: [HLS 200-10] ----------------------------------------------------------------
INFO: [SCHED 204-11] Starting scheduling ...
INFO: [SCHED 204-11] Finished scheduling.
INFO: [HLS 200-111] Finished Scheduling: CPU user time: 0.06 seconds. CPU system time: 0 seconds. Elapsed time: 0.09 seconds; current allocated memory: 793.301 MB.
INFO: [BIND 205-100] Starting micro-architecture generation ...
INFO: [BIND 205-101] Performing variable lifetime analysis.
INFO: [BIND 205-101] Exploring resource sharing.
INFO: [BIND 205-101] Binding ...
INFO: [BIND 205-100] Finished micro-architecture generation.
INFO: [HLS 200-111] Finished Binding: CPU user time: 0.07 seconds. CPU system time: 0 seconds. Elapsed time: 0.09 seconds; current allocated memory: 793.496 MB.
INFO: [HLS 200-10] ----------------------------------------------------------------
INFO: [HLS 200-42] -- Implementing module 'plan5_pipeline_pe' 
INFO: [HLS 200-10] ----------------------------------------------------------------
INFO: [SCHED 204-11] Starting scheduling ...
INFO: [SCHED 204-11] Finished scheduling.
INFO: [HLS 200-111] Finished Scheduling: CPU user time: 0.18 seconds. CPU system time: 0 seconds. Elapsed time: 0.21 seconds; current allocated memory: 794.684 MB.
INFO: [BIND 205-100] Starting micro-architecture generation ...
INFO: [BIND 205-101] Performing variable lifetime analysis.
INFO: [BIND 205-101] Exploring resource sharing.
INFO: [BIND 205-101] Binding ...
INFO: [BIND 205-100] Finished micro-architecture generation.
INFO: [HLS 200-111] Finished Binding: CPU user time: 0.09 seconds. CPU system time: 0 seconds. Elapsed time: 0.12 seconds; current allocated memory: 795.105 MB.
INFO: [HLS 200-10] ----------------------------------------------------------------
INFO: [HLS 200-42] -- Implementing module 'plan5_pipeline_pe_2_Pipeline_ROW_PTR_LOAD_AND_REPL' 
INFO: [HLS 200-10] ----------------------------------------------------------------
INFO: [SCHED 204-11] Starting scheduling ...
WARNING: [HLS 200-2042] Usage of URAM can potentially cause worse II as Vitis HLS does not exploit read-first mode for URAMs. Consider using BRAMs instead.
WARNING: [HLS 200-2042] Usage of URAM can potentially cause worse II as Vitis HLS does not exploit read-first mode for URAMs. Consider using BRAMs instead.
WARNING: [HLS 200-2042] Usage of URAM can potentially cause worse II as Vitis HLS does not exploit read-first mode for URAMs. Consider using BRAMs instead.
WARNING: [HLS 200-2042] Usage of URAM can potentially cause worse II as Vitis HLS does not exploit read-first mode for URAMs. Consider using BRAMs instead.
WARNING: [HLS 200-2042] Usage of URAM can potentially cause worse II as Vitis HLS does not exploit read-first mode for URAMs. Consider using BRAMs instead.
INFO: [SCHED 204-61] Pipelining loop 'ROW_PTR_LOAD_AND_REPL'.
INFO: [HLS 200-1470] Pipelining result : Target II = 1, Final II = 1, Depth = 3, loop 'ROW_PTR_LOAD_AND_REPL'
INFO: [SCHED 204-11] Finished scheduling.
INFO: [HLS 200-111] Finished Scheduling: CPU user time: 0.16 seconds. CPU system time: 0.01 seconds. Elapsed time: 0.23 seconds; current allocated memory: 795.992 MB.
INFO: [BIND 205-100] Starting micro-architecture generation ...
INFO: [BIND 205-101] Performing variable lifetime analysis.
INFO: [BIND 205-101] Exploring resource sharing.
INFO: [BIND 205-101] Binding ...
INFO: [BIND 205-100] Finished micro-architecture generation.
INFO: [HLS 200-111] Finished Binding: CPU user time: 0.02 seconds. CPU system time: 0.01 seconds. Elapsed time: 0.05 seconds; current allocated memory: 795.992 MB.
INFO: [HLS 200-10] ----------------------------------------------------------------
INFO: [HLS 200-42] -- Implementing module 'plan5_pipeline_pe_2' 
INFO: [HLS 200-10] ----------------------------------------------------------------
INFO: [SCHED 204-11] Starting scheduling ...
INFO: [SCHED 204-11] Finished scheduling.
INFO: [HLS 200-111] Finished Scheduling: CPU user time: 0.07 seconds. CPU system time: 0.01 seconds. Elapsed time: 0.1 seconds; current allocated memory: 796.730 MB.
INFO: [BIND 205-100] Starting micro-architecture generation ...
INFO: [BIND 205-101] Performing variable lifetime analysis.
INFO: [BIND 205-101] Exploring resource sharing.
INFO: [BIND 205-101] Binding ...
INFO: [BIND 205-100] Finished micro-architecture generation.
INFO: [HLS 200-111] Finished Binding: CPU user time: 0.09 seconds. CPU system time: 0 seconds. Elapsed time: 0.12 seconds; current allocated memory: 797.016 MB.
INFO: [HLS 200-10] ----------------------------------------------------------------
INFO: [HLS 200-42] -- Implementing module 'plan5_pipeline_pe_3_Pipeline_ROW_PTR_LOAD_AND_REPL' 
INFO: [HLS 200-10] ----------------------------------------------------------------
INFO: [SCHED 204-11] Starting scheduling ...
WARNING: [HLS 200-2042] Usage of URAM can potentially cause worse II as Vitis HLS does not exploit read-first mode for URAMs. Consider using BRAMs instead.
WARNING: [HLS 200-2042] Usage of URAM can potentially cause worse II as Vitis HLS does not exploit read-first mode for URAMs. Consider using BRAMs instead.
WARNING: [HLS 200-2042] Usage of URAM can potentially cause worse II as Vitis HLS does not exploit read-first mode for URAMs. Consider using BRAMs instead.
WARNING: [HLS 200-2042] Usage of URAM can potentially cause worse II as Vitis HLS does not exploit read-first mode for URAMs. Consider using BRAMs instead.
WARNING: [HLS 200-2042] Usage of URAM can potentially cause worse II as Vitis HLS does not exploit read-first mode for URAMs. Consider using BRAMs instead.
INFO: [SCHED 204-61] Pipelining loop 'ROW_PTR_LOAD_AND_REPL'.
INFO: [HLS 200-1470] Pipelining result : Target II = 1, Final II = 1, Depth = 3, loop 'ROW_PTR_LOAD_AND_REPL'
INFO: [SCHED 204-11] Finished scheduling.
INFO: [HLS 200-111] Finished Scheduling: CPU user time: 0.17 seconds. CPU system time: 0 seconds. Elapsed time: 0.24 seconds; current allocated memory: 797.906 MB.
INFO: [BIND 205-100] Starting micro-architecture generation ...
INFO: [BIND 205-101] Performing variable lifetime analysis.
INFO: [BIND 205-101] Exploring resource sharing.
INFO: [BIND 205-101] Binding ...
INFO: [BIND 205-100] Finished micro-architecture generation.
INFO: [HLS 200-111] Finished Binding: CPU user time: 0.02 seconds. CPU system time: 0.01 seconds. Elapsed time: 0.06 seconds; current allocated memory: 797.906 MB.
INFO: [HLS 200-10] ----------------------------------------------------------------
INFO: [HLS 200-42] -- Implementing module 'plan5_pipeline_pe_3' 
INFO: [HLS 200-10] ----------------------------------------------------------------
INFO: [SCHED 204-11] Starting scheduling ...
INFO: [SCHED 204-11] Finished scheduling.
INFO: [HLS 200-111] Finished Scheduling: CPU user time: 0.07 seconds. CPU system time: 0 seconds. Elapsed time: 0.1 seconds; current allocated memory: 798.641 MB.
INFO: [BIND 205-100] Starting micro-architecture generation ...
INFO: [BIND 205-101] Performing variable lifetime analysis.
INFO: [BIND 205-101] Exploring resource sharing.
INFO: [BIND 205-101] Binding ...
INFO: [BIND 205-100] Finished micro-architecture generation.
INFO: [HLS 200-111] Finished Binding: CPU user time: 0.09 seconds. CPU system time: 0 seconds. Elapsed time: 0.11 seconds; current allocated memory: 798.992 MB.
INFO: [HLS 200-10] ----------------------------------------------------------------
INFO: [HLS 200-42] -- Implementing module 'plan5_pipeline_pe_4_Pipeline_ROW_PTR_LOAD_AND_REPL' 
INFO: [HLS 200-10] ----------------------------------------------------------------
INFO: [SCHED 204-11] Starting scheduling ...
WARNING: [HLS 200-2042] Usage of URAM can potentially cause worse II as Vitis HLS does not exploit read-first mode for URAMs. Consider using BRAMs instead.
WARNING: [HLS 200-2042] Usage of URAM can potentially cause worse II as Vitis HLS does not exploit read-first mode for URAMs. Consider using BRAMs instead.
WARNING: [HLS 200-2042] Usage of URAM can potentially cause worse II as Vitis HLS does not exploit read-first mode for URAMs. Consider using BRAMs instead.
WARNING: [HLS 200-2042] Usage of URAM can potentially cause worse II as Vitis HLS does not exploit read-first mode for URAMs. Consider using BRAMs instead.
WARNING: [HLS 200-2042] Usage of URAM can potentially cause worse II as Vitis HLS does not exploit read-first mode for URAMs. Consider using BRAMs instead.
INFO: [SCHED 204-61] Pipelining loop 'ROW_PTR_LOAD_AND_REPL'.
INFO: [HLS 200-1470] Pipelining result : Target II = 1, Final II = 1, Depth = 3, loop 'ROW_PTR_LOAD_AND_REPL'
INFO: [SCHED 204-11] Finished scheduling.
INFO: [HLS 200-111] Finished Scheduling: CPU user time: 0.17 seconds. CPU system time: 0.02 seconds. Elapsed time: 0.25 seconds; current allocated memory: 799.719 MB.
INFO: [BIND 205-100] Starting micro-architecture generation ...
INFO: [BIND 205-101] Performing variable lifetime analysis.
INFO: [BIND 205-101] Exploring resource sharing.
INFO: [BIND 205-101] Binding ...
INFO: [BIND 205-100] Finished micro-architecture generation.
INFO: [HLS 200-111] Finished Binding: CPU user time: 0.04 seconds. CPU system time: 0 seconds. Elapsed time: 0.07 seconds; current allocated memory: 799.719 MB.
INFO: [HLS 200-10] ----------------------------------------------------------------
INFO: [HLS 200-42] -- Implementing module 'plan5_pipeline_pe_4' 
INFO: [HLS 200-10] ----------------------------------------------------------------
INFO: [SCHED 204-11] Starting scheduling ...
INFO: [SCHED 204-11] Finished scheduling.
INFO: [HLS 200-111] Finished Scheduling: CPU user time: 0.07 seconds. CPU system time: 0 seconds. Elapsed time: 0.09 seconds; current allocated memory: 800.605 MB.
INFO: [BIND 205-100] Starting micro-architecture generation ...
INFO: [BIND 205-101] Performing variable lifetime analysis.
INFO: [BIND 205-101] Exploring resource sharing.
INFO: [BIND 205-101] Binding ...
INFO: [BIND 205-100] Finished micro-architecture generation.
INFO: [HLS 200-111] Finished Binding: CPU user time: 0.08 seconds. CPU system time: 0.01 seconds. Elapsed time: 0.12 seconds; current allocated memory: 800.906 MB.
INFO: [HLS 200-10] ----------------------------------------------------------------
INFO: [HLS 200-42] -- Implementing module 'result_collector' 
INFO: [HLS 200-10] ----------------------------------------------------------------
INFO: [SCHED 204-11] Starting scheduling ...
INFO: [SCHED 204-11] Finished scheduling.
INFO: [HLS 200-111] Finished Scheduling: CPU user time: 0.15 seconds. CPU system time: 0 seconds. Elapsed time: 0.34 seconds; current allocated memory: 801.664 MB.
INFO: [BIND 205-100] Starting micro-architecture generation ...
INFO: [BIND 205-101] Performing variable lifetime analysis.
INFO: [BIND 205-101] Exploring resource sharing.
INFO: [BIND 205-101] Binding ...
INFO: [BIND 205-100] Finished micro-architecture generation.
INFO: [HLS 200-111] Finished Binding: CPU user time: 0.06 seconds. CPU system time: 0 seconds. Elapsed time: 0.17 seconds; current allocated memory: 801.691 MB.
INFO: [HLS 200-10] ----------------------------------------------------------------
INFO: [HLS 200-42] -- Implementing module 'subgraph_kernel_plan5_v1' 
INFO: [HLS 200-10] ----------------------------------------------------------------
INFO: [SCHED 204-11] Starting scheduling ...
INFO: [SCHED 204-11] Finished scheduling.
WARNING: [HLS 200-1020] Increasing the depth of FIFO start_for_result_collector_U0 (from entry_proc_U0 to result_collector_U0) to 4 to improve performance and/or avoid deadlocks.
WARNING: [HLS 200-1020] Increasing the depth of FIFO plan_num_levels_c_channel (from Block_entry53_proc_U0 to plan5_pipeline_pe_4_U0) to 3 to improve performance and/or avoid deadlocks.
WARNING: [HLS 200-1020] Increasing the depth of FIFO plan_num_levels_c67_channel (from Block_entry53_proc_U0 to plan5_pipeline_pe_3_U0) to 3 to improve performance and/or avoid deadlocks.
WARNING: [HLS 200-1020] Increasing the depth of FIFO plan_num_levels_c68_channel (from Block_entry53_proc_U0 to plan5_pipeline_pe_2_U0) to 3 to improve performance and/or avoid deadlocks.
WARNING: [HLS 200-1020] Increasing the depth of FIFO plan_num_levels_c69_channel (from Block_entry53_proc_U0 to plan5_pipeline_pe_U0) to 3 to improve performance and/or avoid deadlocks.
WARNING: [HLS 200-1020] Increasing the depth of FIFO plan_levels_op_0_c_channel (from Block_entry53_proc_U0 to plan5_pipeline_pe_4_U0) to 3 to improve performance and/or avoid deadlocks.
WARNING: [HLS 200-1020] Increasing the depth of FIFO plan_levels_op_0_c70_channel (from Block_entry53_proc_U0 to plan5_pipeline_pe_3_U0) to 3 to improve performance and/or avoid deadlocks.
WARNING: [HLS 200-1020] Increasing the depth of FIFO plan_levels_op_0_c71_channel (from Block_entry53_proc_U0 to plan5_pipeline_pe_2_U0) to 3 to improve performance and/or avoid deadlocks.
WARNING: [HLS 200-1020] Increasing the depth of FIFO plan_levels_op_0_c72_channel (from Block_entry53_proc_U0 to plan5_pipeline_pe_U0) to 3 to improve performance and/or avoid deadlocks.
WARNING: [HLS 200-1020] Increasing the depth of FIFO plan_levels_op_1_c_channel (from Block_entry53_proc_U0 to plan5_pipeline_pe_4_U0) to 3 to improve performance and/or avoid deadlocks.
WARNING: [HLS 200-1020] Increasing the depth of FIFO plan_levels_op_1_c73_channel (from Block_entry53_proc_U0 to plan5_pipeline_pe_3_U0) to 3 to improve performance and/or avoid deadlocks.
WARNING: [HLS 200-1020] Increasing the depth of FIFO plan_levels_op_1_c74_channel (from Block_entry53_proc_U0 to plan5_pipeline_pe_2_U0) to 3 to improve performance and/or avoid deadlocks.
WARNING: [HLS 200-1020] Increasing the depth of FIFO plan_levels_op_1_c75_channel (from Block_entry53_proc_U0 to plan5_pipeline_pe_U0) to 3 to improve performance and/or avoid deadlocks.
WARNING: [HLS 200-1020] Increasing the depth of FIFO plan_levels_op_2_c_channel (from Block_entry53_proc_U0 to plan5_pipeline_pe_4_U0) to 3 to improve performance and/or avoid deadlocks.
WARNING: [HLS 200-1020] Increasing the depth of FIFO plan_levels_op_2_c76_channel (from Block_entry53_proc_U0 to plan5_pipeline_pe_3_U0) to 3 to improve performance and/or avoid deadlocks.
WARNING: [HLS 200-1020] Increasing the depth of FIFO plan_levels_op_2_c77_channel (from Block_entry53_proc_U0 to plan5_pipeline_pe_2_U0) to 3 to improve performance and/or avoid deadlocks.
WARNING: [HLS 200-1020] Increasing the depth of FIFO plan_levels_op_2_c78_channel (from Block_entry53_proc_U0 to plan5_pipeline_pe_U0) to 3 to improve performance and/or avoid deadlocks.
WARNING: [HLS 200-1020] Increasing the depth of FIFO plan_levels_op_3_c_channel (from Block_entry53_proc_U0 to plan5_pipeline_pe_4_U0) to 3 to improve performance and/or avoid deadlocks.
WARNING: [HLS 200-1020] Increasing the depth of FIFO plan_levels_op_3_c79_channel (from Block_entry53_proc_U0 to plan5_pipeline_pe_3_U0) to 3 to improve performance and/or avoid deadlocks.
WARNING: [HLS 200-1020] Increasing the depth of FIFO plan_levels_op_3_c80_channel (from Block_entry53_proc_U0 to plan5_pipeline_pe_2_U0) to 3 to improve performance and/or avoid deadlocks.
WARNING: [HLS 200-1020] Increasing the depth of FIFO plan_levels_op_3_c81_channel (from Block_entry53_proc_U0 to plan5_pipeline_pe_U0) to 3 to improve performance and/or avoid deadlocks.
WARNING: [HLS 200-1020] Increasing the depth of FIFO plan_levels_op_4_c_channel (from Block_entry53_proc_U0 to plan5_pipeline_pe_4_U0) to 3 to improve performance and/or avoid deadlocks.
WARNING: [HLS 200-1020] Increasing the depth of FIFO plan_levels_op_4_c82_channel (from Block_entry53_proc_U0 to plan5_pipeline_pe_3_U0) to 3 to improve performance and/or avoid deadlocks.
WARNING: [HLS 200-1020] Increasing the depth of FIFO plan_levels_op_4_c83_channel (from Block_entry53_proc_U0 to plan5_pipeline_pe_2_U0) to 3 to improve performance and/or avoid deadlocks.
WARNING: [HLS 200-1020] Increasing the depth of FIFO plan_levels_op_4_c84_channel (from Block_entry53_proc_U0 to plan5_pipeline_pe_U0) to 3 to improve performance and/or avoid deadlocks.
WARNING: [HLS 200-1020] Increasing the depth of FIFO plan_levels_dst_slot_0_c_channel (from Block_entry53_proc_U0 to plan5_pipeline_pe_4_U0) to 3 to improve performance and/or avoid deadlocks.
WARNING: [HLS 200-1020] Increasing the depth of FIFO plan_levels_dst_slot_0_c85_channel (from Block_entry53_proc_U0 to plan5_pipeline_pe_3_U0) to 3 to improve performance and/or avoid deadlocks.
WARNING: [HLS 200-1020] Increasing the depth of FIFO plan_levels_dst_slot_0_c86_channel (from Block_entry53_proc_U0 to plan5_pipeline_pe_2_U0) to 3 to improve performance and/or avoid deadlocks.
WARNING: [HLS 200-1020] Increasing the depth of FIFO plan_levels_dst_slot_0_c87_channel (from Block_entry53_proc_U0 to plan5_pipeline_pe_U0) to 3 to improve performance and/or avoid deadlocks.
WARNING: [HLS 200-1020] Increasing the depth of FIFO plan_levels_dst_slot_1_c_channel (from Block_entry53_proc_U0 to plan5_pipeline_pe_4_U0) to 3 to improve performance and/or avoid deadlocks.
WARNING: [HLS 200-1020] Increasing the depth of FIFO plan_levels_dst_slot_1_c88_channel (from Block_entry53_proc_U0 to plan5_pipeline_pe_3_U0) to 3 to improve performance and/or avoid deadlocks.
WARNING: [HLS 200-1020] Increasing the depth of FIFO plan_levels_dst_slot_1_c89_channel (from Block_entry53_proc_U0 to plan5_pipeline_pe_2_U0) to 3 to improve performance and/or avoid deadlocks.
WARNING: [HLS 200-1020] Increasing the depth of FIFO plan_levels_dst_slot_1_c90_channel (from Block_entry53_proc_U0 to plan5_pipeline_pe_U0) to 3 to improve performance and/or avoid deadlocks.
WARNING: [HLS 200-1020] Increasing the depth of FIFO plan_levels_dst_slot_2_c_channel (from Block_entry53_proc_U0 to plan5_pipeline_pe_4_U0) to 3 to improve performance and/or avoid deadlocks.
WARNING: [HLS 200-1020] Increasing the depth of FIFO plan_levels_dst_slot_2_c91_channel (from Block_entry53_proc_U0 to plan5_pipeline_pe_3_U0) to 3 to improve performance and/or avoid deadlocks.
WARNING: [HLS 200-1020] Increasing the depth of FIFO plan_levels_dst_slot_2_c92_channel (from Block_entry53_proc_U0 to plan5_pipeline_pe_2_U0) to 3 to improve performance and/or avoid deadlocks.
WARNING: [HLS 200-1020] Increasing the depth of FIFO plan_levels_dst_slot_2_c93_channel (from Block_entry53_proc_U0 to plan5_pipeline_pe_U0) to 3 to improve performance and/or avoid deadlocks.
WARNING: [HLS 200-1020] Increasing the depth of FIFO plan_levels_dst_slot_3_c_channel (from Block_entry53_proc_U0 to plan5_pipeline_pe_4_U0) to 3 to improve performance and/or avoid deadlocks.
WARNING: [HLS 200-1020] Increasing the depth of FIFO plan_levels_dst_slot_3_c94_channel (from Block_entry53_proc_U0 to plan5_pipeline_pe_3_U0) to 3 to improve performance and/or avoid deadlocks.
WARNING: [HLS 200-1020] Increasing the depth of FIFO plan_levels_dst_slot_3_c95_channel (from Block_entry53_proc_U0 to plan5_pipeline_pe_2_U0) to 3 to improve performance and/or avoid deadlocks.
WARNING: [HLS 200-1020] Increasing the depth of FIFO plan_levels_dst_slot_3_c96_channel (from Block_entry53_proc_U0 to plan5_pipeline_pe_U0) to 3 to improve performance and/or avoid deadlocks.
WARNING: [HLS 200-1020] Increasing the depth of FIFO plan_levels_dst_slot_4_c_channel (from Block_entry53_proc_U0 to plan5_pipeline_pe_4_U0) to 3 to improve performance and/or avoid deadlocks.
WARNING: [HLS 200-1020] Increasing the depth of FIFO plan_levels_dst_slot_4_c97_channel (from Block_entry53_proc_U0 to plan5_pipeline_pe_3_U0) to 3 to improve performance and/or avoid deadlocks.
WARNING: [HLS 200-1020] Increasing the depth of FIFO plan_levels_dst_slot_4_c98_channel (from Block_entry53_proc_U0 to plan5_pipeline_pe_2_U0) to 3 to improve performance and/or avoid deadlocks.
WARNING: [HLS 200-1020] Increasing the depth of FIFO plan_levels_dst_slot_4_c99_channel (from Block_entry53_proc_U0 to plan5_pipeline_pe_U0) to 3 to improve performance and/or avoid deadlocks.
WARNING: [HLS 200-1020] Increasing the depth of FIFO plan_levels_src_slot0_0_c_channel (from Block_entry53_proc_U0 to plan5_pipeline_pe_4_U0) to 3 to improve performance and/or avoid deadlocks.
WARNING: [HLS 200-1020] Increasing the depth of FIFO plan_levels_src_slot0_0_c100_channel (from Block_entry53_proc_U0 to plan5_pipeline_pe_3_U0) to 3 to improve performance and/or avoid deadlocks.
WARNING: [HLS 200-1020] Increasing the depth of FIFO plan_levels_src_slot0_0_c101_channel (from Block_entry53_proc_U0 to plan5_pipeline_pe_2_U0) to 3 to improve performance and/or avoid deadlocks.
WARNING: [HLS 200-1020] Increasing the depth of FIFO plan_levels_src_slot0_0_c102_channel (from Block_entry53_proc_U0 to plan5_pipeline_pe_U0) to 3 to improve performance and/or avoid deadlocks.
WARNING: [HLS 200-1020] Increasing the depth of FIFO plan_levels_src_slot0_1_c_channel (from Block_entry53_proc_U0 to plan5_pipeline_pe_4_U0) to 3 to improve performance and/or avoid deadlocks.
WARNING: [HLS 200-1020] Increasing the depth of FIFO plan_levels_src_slot0_1_c103_channel (from Block_entry53_proc_U0 to plan5_pipeline_pe_3_U0) to 3 to improve performance and/or avoid deadlocks.
WARNING: [HLS 200-1020] Increasing the depth of FIFO plan_levels_src_slot0_1_c104_channel (from Block_entry53_proc_U0 to plan5_pipeline_pe_2_U0) to 3 to improve performance and/or avoid deadlocks.
WARNING: [HLS 200-1020] Increasing the depth of FIFO plan_levels_src_slot0_1_c105_channel (from Block_entry53_proc_U0 to plan5_pipeline_pe_U0) to 3 to improve performance and/or avoid deadlocks.
WARNING: [HLS 200-1020] Increasing the depth of FIFO plan_levels_src_slot0_2_c_channel (from Block_entry53_proc_U0 to plan5_pipeline_pe_4_U0) to 3 to improve performance and/or avoid deadlocks.
WARNING: [HLS 200-1020] Increasing the depth of FIFO plan_levels_src_slot0_2_c106_channel (from Block_entry53_proc_U0 to plan5_pipeline_pe_3_U0) to 3 to improve performance and/or avoid deadlocks.
WARNING: [HLS 200-1020] Increasing the depth of FIFO plan_levels_src_slot0_2_c107_channel (from Block_entry53_proc_U0 to plan5_pipeline_pe_2_U0) to 3 to improve performance and/or avoid deadlocks.
WARNING: [HLS 200-1020] Increasing the depth of FIFO plan_levels_src_slot0_2_c108_channel (from Block_entry53_proc_U0 to plan5_pipeline_pe_U0) to 3 to improve performance and/or avoid deadlocks.
WARNING: [HLS 200-1020] Increasing the depth of FIFO plan_levels_src_slot0_3_c_channel (from Block_entry53_proc_U0 to plan5_pipeline_pe_4_U0) to 3 to improve performance and/or avoid deadlocks.
WARNING: [HLS 200-1020] Increasing the depth of FIFO plan_levels_src_slot0_3_c109_channel (from Block_entry53_proc_U0 to plan5_pipeline_pe_3_U0) to 3 to improve performance and/or avoid deadlocks.
WARNING: [HLS 200-1020] Increasing the depth of FIFO plan_levels_src_slot0_3_c110_channel (from Block_entry53_proc_U0 to plan5_pipeline_pe_2_U0) to 3 to improve performance and/or avoid deadlocks.
WARNING: [HLS 200-1020] Increasing the depth of FIFO plan_levels_src_slot0_3_c111_channel (from Block_entry53_proc_U0 to plan5_pipeline_pe_U0) to 3 to improve performance and/or avoid deadlocks.
WARNING: [HLS 200-1020] Increasing the depth of FIFO plan_levels_src_slot0_4_c_channel (from Block_entry53_proc_U0 to plan5_pipeline_pe_4_U0) to 3 to improve performance and/or avoid deadlocks.
WARNING: [HLS 200-1020] Increasing the depth of FIFO plan_levels_src_slot0_4_c112_channel (from Block_entry53_proc_U0 to plan5_pipeline_pe_3_U0) to 3 to improve performance and/or avoid deadlocks.
WARNING: [HLS 200-1020] Increasing the depth of FIFO plan_levels_src_slot0_4_c113_channel (from Block_entry53_proc_U0 to plan5_pipeline_pe_2_U0) to 3 to improve performance and/or avoid deadlocks.
WARNING: [HLS 200-1020] Increasing the depth of FIFO plan_levels_src_slot0_4_c114_channel (from Block_entry53_proc_U0 to plan5_pipeline_pe_U0) to 3 to improve performance and/or avoid deadlocks.
WARNING: [HLS 200-1020] Increasing the depth of FIFO plan_levels_src_slot1_0_c_channel (from Block_entry53_proc_U0 to plan5_pipeline_pe_4_U0) to 3 to improve performance and/or avoid deadlocks.
WARNING: [HLS 200-1020] Increasing the depth of FIFO plan_levels_src_slot1_0_c115_channel (from Block_entry53_proc_U0 to plan5_pipeline_pe_3_U0) to 3 to improve performance and/or avoid deadlocks.
WARNING: [HLS 200-1020] Increasing the depth of FIFO plan_levels_src_slot1_0_c116_channel (from Block_entry53_proc_U0 to plan5_pipeline_pe_2_U0) to 3 to improve performance and/or avoid deadlocks.
WARNING: [HLS 200-1020] Increasing the depth of FIFO plan_levels_src_slot1_0_c117_channel (from Block_entry53_proc_U0 to plan5_pipeline_pe_U0) to 3 to improve performance and/or avoid deadlocks.
WARNING: [HLS 200-1020] Increasing the depth of FIFO plan_levels_src_slot1_1_c_channel (from Block_entry53_proc_U0 to plan5_pipeline_pe_4_U0) to 3 to improve performance and/or avoid deadlocks.
WARNING: [HLS 200-1020] Increasing the depth of FIFO plan_levels_src_slot1_1_c118_channel (from Block_entry53_proc_U0 to plan5_pipeline_pe_3_U0) to 3 to improve performance and/or avoid deadlocks.
WARNING: [HLS 200-1020] Increasing the depth of FIFO plan_levels_src_slot1_1_c119_channel (from Block_entry53_proc_U0 to plan5_pipeline_pe_2_U0) to 3 to improve performance and/or avoid deadlocks.
WARNING: [HLS 200-1020] Increasing the depth of FIFO plan_levels_src_slot1_1_c120_channel (from Block_entry53_proc_U0 to plan5_pipeline_pe_U0) to 3 to improve performance and/or avoid deadlocks.
WARNING: [HLS 200-1020] Increasing the depth of FIFO plan_levels_src_slot1_2_c_channel (from Block_entry53_proc_U0 to plan5_pipeline_pe_4_U0) to 3 to improve performance and/or avoid deadlocks.
WARNING: [HLS 200-1020] Increasing the depth of FIFO plan_levels_src_slot1_2_c121_channel (from Block_entry53_proc_U0 to plan5_pipeline_pe_3_U0) to 3 to improve performance and/or avoid deadlocks.
WARNING: [HLS 200-1020] Increasing the depth of FIFO plan_levels_src_slot1_2_c122_channel (from Block_entry53_proc_U0 to plan5_pipeline_pe_2_U0) to 3 to improve performance and/or avoid deadlocks.
WARNING: [HLS 200-1020] Increasing the depth of FIFO plan_levels_src_slot1_2_c123_channel (from Block_entry53_proc_U0 to plan5_pipeline_pe_U0) to 3 to improve performance and/or avoid deadlocks.
WARNING: [HLS 200-1020] Increasing the depth of FIFO plan_levels_src_slot1_3_c_channel (from Block_entry53_proc_U0 to plan5_pipeline_pe_4_U0) to 3 to improve performance and/or avoid deadlocks.
WARNING: [HLS 200-1020] Increasing the depth of FIFO plan_levels_src_slot1_3_c124_channel (from Block_entry53_proc_U0 to plan5_pipeline_pe_3_U0) to 3 to improve performance and/or avoid deadlocks.
WARNING: [HLS 200-1020] Increasing the depth of FIFO plan_levels_src_slot1_3_c125_channel (from Block_entry53_proc_U0 to plan5_pipeline_pe_2_U0) to 3 to improve performance and/or avoid deadlocks.
WARNING: [HLS 200-1020] Increasing the depth of FIFO plan_levels_src_slot1_3_c126_channel (from Block_entry53_proc_U0 to plan5_pipeline_pe_U0) to 3 to improve performance and/or avoid deadlocks.
WARNING: [HLS 200-1020] Increasing the depth of FIFO plan_levels_src_slot1_4_c_channel (from Block_entry53_proc_U0 to plan5_pipeline_pe_4_U0) to 3 to improve performance and/or avoid deadlocks.
WARNING: [HLS 200-1020] Increasing the depth of FIFO plan_levels_src_slot1_4_c127_channel (from Block_entry53_proc_U0 to plan5_pipeline_pe_3_U0) to 3 to improve performance and/or avoid deadlocks.
WARNING: [HLS 200-1020] Increasing the depth of FIFO plan_levels_src_slot1_4_c128_channel (from Block_entry53_proc_U0 to plan5_pipeline_pe_2_U0) to 3 to improve performance and/or avoid deadlocks.
WARNING: [HLS 200-1020] Increasing the depth of FIFO plan_levels_src_slot1_4_c129_channel (from Block_entry53_proc_U0 to plan5_pipeline_pe_U0) to 3 to improve performance and/or avoid deadlocks.
WARNING: [HLS 200-1020] Increasing the depth of FIFO plan_levels_bound_kind_0_c_channel (from Block_entry53_proc_U0 to plan5_pipeline_pe_4_U0) to 3 to improve performance and/or avoid deadlocks.
WARNING: [HLS 200-1020] Increasing the depth of FIFO plan_levels_bound_kind_0_c130_channel (from Block_entry53_proc_U0 to plan5_pipeline_pe_3_U0) to 3 to improve performance and/or avoid deadlocks.
WARNING: [HLS 200-1020] Increasing the depth of FIFO plan_levels_bound_kind_0_c131_channel (from Block_entry53_proc_U0 to plan5_pipeline_pe_2_U0) to 3 to improve performance and/or avoid deadlocks.
WARNING: [HLS 200-1020] Increasing the depth of FIFO plan_levels_bound_kind_0_c132_channel (from Block_entry53_proc_U0 to plan5_pipeline_pe_U0) to 3 to improve performance and/or avoid deadlocks.
WARNING: [HLS 200-1020] Increasing the depth of FIFO plan_levels_bound_kind_1_c_channel (from Block_entry53_proc_U0 to plan5_pipeline_pe_4_U0) to 3 to improve performance and/or avoid deadlocks.
WARNING: [HLS 200-1020] Increasing the depth of FIFO plan_levels_bound_kind_1_c133_channel (from Block_entry53_proc_U0 to plan5_pipeline_pe_3_U0) to 3 to improve performance and/or avoid deadlocks.
WARNING: [HLS 200-1020] Increasing the depth of FIFO plan_levels_bound_kind_1_c134_channel (from Block_entry53_proc_U0 to plan5_pipeline_pe_2_U0) to 3 to improve performance and/or avoid deadlocks.
WARNING: [HLS 200-1020] Increasing the depth of FIFO plan_levels_bound_kind_1_c135_channel (from Block_entry53_proc_U0 to plan5_pipeline_pe_U0) to 3 to improve performance and/or avoid deadlocks.
WARNING: [HLS 200-1020] Increasing the depth of FIFO plan_levels_bound_kind_2_c_channel (from Block_entry53_proc_U0 to plan5_pipeline_pe_4_U0) to 3 to improve performance and/or avoid deadlocks.
WARNING: [HLS 200-1020] Increasing the depth of FIFO plan_levels_bound_kind_2_c136_channel (from Block_entry53_proc_U0 to plan5_pipeline_pe_3_U0) to 3 to improve performance and/or avoid deadlocks.
WARNING: [HLS 200-1020] Increasing the depth of FIFO plan_levels_bound_kind_2_c137_channel (from Block_entry53_proc_U0 to plan5_pipeline_pe_2_U0) to 3 to improve performance and/or avoid deadlocks.
WARNING: [HLS 200-1020] Increasing the depth of FIFO plan_levels_bound_kind_2_c138_channel (from Block_entry53_proc_U0 to plan5_pipeline_pe_U0) to 3 to improve performance and/or avoid deadlocks.
WARNING: [HLS 200-1020] Increasing the depth of FIFO plan_levels_bound_kind_3_c_channel (from Block_entry53_proc_U0 to plan5_pipeline_pe_4_U0) to 3 to improve performance and/or avoid deadlocks.
WARNING: [HLS 200-1020] Increasing the depth of FIFO plan_levels_bound_kind_3_c139_channel (from Block_entry53_proc_U0 to plan5_pipeline_pe_3_U0) to 3 to improve performance and/or avoid deadlocks.
WARNING: [HLS 200-1020] Increasing the depth of FIFO plan_levels_bound_kind_3_c140_channel (from Block_entry53_proc_U0 to plan5_pipeline_pe_2_U0) to 3 to improve performance and/or avoid deadlocks.
WARNING: [HLS 200-1020] Increasing the depth of FIFO plan_levels_bound_kind_3_c141_channel (from Block_entry53_proc_U0 to plan5_pipeline_pe_U0) to 3 to improve performance and/or avoid deadlocks.
WARNING: [HLS 200-1020] Increasing the depth of FIFO plan_levels_bound_kind_4_c_channel (from Block_entry53_proc_U0 to plan5_pipeline_pe_4_U0) to 3 to improve performance and/or avoid deadlocks.
WARNING: [HLS 200-1020] Increasing the depth of FIFO plan_levels_bound_kind_4_c142_channel (from Block_entry53_proc_U0 to plan5_pipeline_pe_3_U0) to 3 to improve performance and/or avoid deadlocks.
WARNING: [HLS 200-1020] Increasing the depth of FIFO plan_levels_bound_kind_4_c143_channel (from Block_entry53_proc_U0 to plan5_pipeline_pe_2_U0) to 3 to improve performance and/or avoid deadlocks.
WARNING: [HLS 200-1020] Increasing the depth of FIFO plan_levels_bound_kind_4_c144_channel (from Block_entry53_proc_U0 to plan5_pipeline_pe_U0) to 3 to improve performance and/or avoid deadlocks.
WARNING: [HLS 200-1020] Increasing the depth of FIFO plan_levels_bound_slot_0_c_channel (from Block_entry53_proc_U0 to plan5_pipeline_pe_4_U0) to 3 to improve performance and/or avoid deadlocks.
WARNING: [HLS 200-1020] Increasing the depth of FIFO plan_levels_bound_slot_0_c145_channel (from Block_entry53_proc_U0 to plan5_pipeline_pe_3_U0) to 3 to improve performance and/or avoid deadlocks.
WARNING: [HLS 200-1020] Increasing the depth of FIFO plan_levels_bound_slot_0_c146_channel (from Block_entry53_proc_U0 to plan5_pipeline_pe_2_U0) to 3 to improve performance and/or avoid deadlocks.
WARNING: [HLS 200-1020] Increasing the depth of FIFO plan_levels_bound_slot_0_c147_channel (from Block_entry53_proc_U0 to plan5_pipeline_pe_U0) to 3 to improve performance and/or avoid deadlocks.
WARNING: [HLS 200-1020] Increasing the depth of FIFO plan_levels_bound_slot_1_c_channel (from Block_entry53_proc_U0 to plan5_pipeline_pe_4_U0) to 3 to improve performance and/or avoid deadlocks.
WARNING: [HLS 200-1020] Increasing the depth of FIFO plan_levels_bound_slot_1_c148_channel (from Block_entry53_proc_U0 to plan5_pipeline_pe_3_U0) to 3 to improve performance and/or avoid deadlocks.
WARNING: [HLS 200-1020] Increasing the depth of FIFO plan_levels_bound_slot_1_c149_channel (from Block_entry53_proc_U0 to plan5_pipeline_pe_2_U0) to 3 to improve performance and/or avoid deadlocks.
WARNING: [HLS 200-1020] Increasing the depth of FIFO plan_levels_bound_slot_1_c150_channel (from Block_entry53_proc_U0 to plan5_pipeline_pe_U0) to 3 to improve performance and/or avoid deadlocks.
WARNING: [HLS 200-1020] Increasing the depth of FIFO plan_levels_bound_slot_2_c_channel (from Block_entry53_proc_U0 to plan5_pipeline_pe_4_U0) to 3 to improve performance and/or avoid deadlocks.
WARNING: [HLS 200-1020] Increasing the depth of FIFO plan_levels_bound_slot_2_c151_channel (from Block_entry53_proc_U0 to plan5_pipeline_pe_3_U0) to 3 to improve performance and/or avoid deadlocks.
WARNING: [HLS 200-1020] Increasing the depth of FIFO plan_levels_bound_slot_2_c152_channel (from Block_entry53_proc_U0 to plan5_pipeline_pe_2_U0) to 3 to improve performance and/or avoid deadlocks.
WARNING: [HLS 200-1020] Increasing the depth of FIFO plan_levels_bound_slot_2_c153_channel (from Block_entry53_proc_U0 to plan5_pipeline_pe_U0) to 3 to improve performance and/or avoid deadlocks.
WARNING: [HLS 200-1020] Increasing the depth of FIFO plan_levels_bound_slot_3_c_channel (from Block_entry53_proc_U0 to plan5_pipeline_pe_4_U0) to 3 to improve performance and/or avoid deadlocks.
WARNING: [HLS 200-1020] Increasing the depth of FIFO plan_levels_bound_slot_3_c154_channel (from Block_entry53_proc_U0 to plan5_pipeline_pe_3_U0) to 3 to improve performance and/or avoid deadlocks.
WARNING: [HLS 200-1020] Increasing the depth of FIFO plan_levels_bound_slot_3_c155_channel (from Block_entry53_proc_U0 to plan5_pipeline_pe_2_U0) to 3 to improve performance and/or avoid deadlocks.
WARNING: [HLS 200-1020] Increasing the depth of FIFO plan_levels_bound_slot_3_c156_channel (from Block_entry53_proc_U0 to plan5_pipeline_pe_U0) to 3 to improve performance and/or avoid deadlocks.
WARNING: [HLS 200-1020] Increasing the depth of FIFO plan_levels_bound_slot_4_c_channel (from Block_entry53_proc_U0 to plan5_pipeline_pe_4_U0) to 3 to improve performance and/or avoid deadlocks.
WARNING: [HLS 200-1020] Increasing the depth of FIFO plan_levels_bound_slot_4_c157_channel (from Block_entry53_proc_U0 to plan5_pipeline_pe_3_U0) to 3 to improve performance and/or avoid deadlocks.
WARNING: [HLS 200-1020] Increasing the depth of FIFO plan_levels_bound_slot_4_c158_channel (from Block_entry53_proc_U0 to plan5_pipeline_pe_2_U0) to 3 to improve performance and/or avoid deadlocks.
WARNING: [HLS 200-1020] Increasing the depth of FIFO plan_levels_bound_slot_4_c159_channel (from Block_entry53_proc_U0 to plan5_pipeline_pe_U0) to 3 to improve performance and/or avoid deadlocks.
WARNING: [HLS 200-1020] Increasing the depth of FIFO plan_levels_bound_const_0_c_channel (from Block_entry53_proc_U0 to plan5_pipeline_pe_4_U0) to 3 to improve performance and/or avoid deadlocks.
WARNING: [HLS 200-1020] Increasing the depth of FIFO plan_levels_bound_const_0_c160_channel (from Block_entry53_proc_U0 to plan5_pipeline_pe_3_U0) to 3 to improve performance and/or avoid deadlocks.
WARNING: [HLS 200-1020] Increasing the depth of FIFO plan_levels_bound_const_0_c161_channel (from Block_entry53_proc_U0 to plan5_pipeline_pe_2_U0) to 3 to improve performance and/or avoid deadlocks.
WARNING: [HLS 200-1020] Increasing the depth of FIFO plan_levels_bound_const_0_c162_channel (from Block_entry53_proc_U0 to plan5_pipeline_pe_U0) to 3 to improve performance and/or avoid deadlocks.
WARNING: [HLS 200-1020] Increasing the depth of FIFO plan_levels_bound_const_1_c_channel (from Block_entry53_proc_U0 to plan5_pipeline_pe_4_U0) to 3 to improve performance and/or avoid deadlocks.
WARNING: [HLS 200-1020] Increasing the depth of FIFO plan_levels_bound_const_1_c163_channel (from Block_entry53_proc_U0 to plan5_pipeline_pe_3_U0) to 3 to improve performance and/or avoid deadlocks.
WARNING: [HLS 200-1020] Increasing the depth of FIFO plan_levels_bound_const_1_c164_channel (from Block_entry53_proc_U0 to plan5_pipeline_pe_2_U0) to 3 to improve performance and/or avoid deadlocks.
WARNING: [HLS 200-1020] Increasing the depth of FIFO plan_levels_bound_const_1_c165_channel (from Block_entry53_proc_U0 to plan5_pipeline_pe_U0) to 3 to improve performance and/or avoid deadlocks.
WARNING: [HLS 200-1020] Increasing the depth of FIFO plan_levels_bound_const_2_c_channel (from Block_entry53_proc_U0 to plan5_pipeline_pe_4_U0) to 3 to improve performance and/or avoid deadlocks.
WARNING: [HLS 200-1020] Increasing the depth of FIFO plan_levels_bound_const_2_c166_channel (from Block_entry53_proc_U0 to plan5_pipeline_pe_3_U0) to 3 to improve performance and/or avoid deadlocks.
WARNING: [HLS 200-1020] Increasing the depth of FIFO plan_levels_bound_const_2_c167_channel (from Block_entry53_proc_U0 to plan5_pipeline_pe_2_U0) to 3 to improve performance and/or avoid deadlocks.
WARNING: [HLS 200-1020] Increasing the depth of FIFO plan_levels_bound_const_2_c168_channel (from Block_entry53_proc_U0 to plan5_pipeline_pe_U0) to 3 to improve performance and/or avoid deadlocks.
WARNING: [HLS 200-1020] Increasing the depth of FIFO plan_levels_bound_const_3_c_channel (from Block_entry53_proc_U0 to plan5_pipeline_pe_4_U0) to 3 to improve performance and/or avoid deadlocks.
WARNING: [HLS 200-1020] Increasing the depth of FIFO plan_levels_bound_const_3_c169_channel (from Block_entry53_proc_U0 to plan5_pipeline_pe_3_U0) to 3 to improve performance and/or avoid deadlocks.
WARNING: [HLS 200-1020] Increasing the depth of FIFO plan_levels_bound_const_3_c170_channel (from Block_entry53_proc_U0 to plan5_pipeline_pe_2_U0) to 3 to improve performance and/or avoid deadlocks.
WARNING: [HLS 200-1020] Increasing the depth of FIFO plan_levels_bound_const_3_c171_channel (from Block_entry53_proc_U0 to plan5_pipeline_pe_U0) to 3 to improve performance and/or avoid deadlocks.
WARNING: [HLS 200-1020] Increasing the depth of FIFO plan_levels_bound_const_4_c_channel (from Block_entry53_proc_U0 to plan5_pipeline_pe_4_U0) to 3 to improve performance and/or avoid deadlocks.
WARNING: [HLS 200-1020] Increasing the depth of FIFO plan_levels_bound_const_4_c172_channel (from Block_entry53_proc_U0 to plan5_pipeline_pe_3_U0) to 3 to improve performance and/or avoid deadlocks.
WARNING: [HLS 200-1020] Increasing the depth of FIFO plan_levels_bound_const_4_c173_channel (from Block_entry53_proc_U0 to plan5_pipeline_pe_2_U0) to 3 to improve performance and/or avoid deadlocks.
WARNING: [HLS 200-1020] Increasing the depth of FIFO plan_levels_bound_const_4_c174_channel (from Block_entry53_proc_U0 to plan5_pipeline_pe_U0) to 3 to improve performance and/or avoid deadlocks.
WARNING: [HLS 200-1020] Increasing the depth of FIFO plan_levels_flags_0_c_channel (from Block_entry53_proc_U0 to plan5_pipeline_pe_4_U0) to 3 to improve performance and/or avoid deadlocks.
WARNING: [HLS 200-1020] Increasing the depth of FIFO plan_levels_flags_0_c175_channel (from Block_entry53_proc_U0 to plan5_pipeline_pe_3_U0) to 3 to improve performance and/or avoid deadlocks.
WARNING: [HLS 200-1020] Increasing the depth of FIFO plan_levels_flags_0_c176_channel (from Block_entry53_proc_U0 to plan5_pipeline_pe_2_U0) to 3 to improve performance and/or avoid deadlocks.
WARNING: [HLS 200-1020] Increasing the depth of FIFO plan_levels_flags_0_c177_channel (from Block_entry53_proc_U0 to plan5_pipeline_pe_U0) to 3 to improve performance and/or avoid deadlocks.
WARNING: [HLS 200-1020] Increasing the depth of FIFO plan_levels_flags_1_c_channel (from Block_entry53_proc_U0 to plan5_pipeline_pe_4_U0) to 3 to improve performance and/or avoid deadlocks.
WARNING: [HLS 200-1020] Increasing the depth of FIFO plan_levels_flags_1_c178_channel (from Block_entry53_proc_U0 to plan5_pipeline_pe_3_U0) to 3 to improve performance and/or avoid deadlocks.
WARNING: [HLS 200-1020] Increasing the depth of FIFO plan_levels_flags_1_c179_channel (from Block_entry53_proc_U0 to plan5_pipeline_pe_2_U0) to 3 to improve performance and/or avoid deadlocks.
WARNING: [HLS 200-1020] Increasing the depth of FIFO plan_levels_flags_1_c180_channel (from Block_entry53_proc_U0 to plan5_pipeline_pe_U0) to 3 to improve performance and/or avoid deadlocks.
WARNING: [HLS 200-1020] Increasing the depth of FIFO plan_levels_flags_2_c_channel (from Block_entry53_proc_U0 to plan5_pipeline_pe_4_U0) to 3 to improve performance and/or avoid deadlocks.
WARNING: [HLS 200-1020] Increasing the depth of FIFO plan_levels_flags_2_c181_channel (from Block_entry53_proc_U0 to plan5_pipeline_pe_3_U0) to 3 to improve performance and/or avoid deadlocks.
WARNING: [HLS 200-1020] Increasing the depth of FIFO plan_levels_flags_2_c182_channel (from Block_entry53_proc_U0 to plan5_pipeline_pe_2_U0) to 3 to improve performance and/or avoid deadlocks.
WARNING: [HLS 200-1020] Increasing the depth of FIFO plan_levels_flags_2_c183_channel (from Block_entry53_proc_U0 to plan5_pipeline_pe_U0) to 3 to improve performance and/or avoid deadlocks.
WARNING: [HLS 200-1020] Increasing the depth of FIFO plan_levels_flags_3_c_channel (from Block_entry53_proc_U0 to plan5_pipeline_pe_4_U0) to 3 to improve performance and/or avoid deadlocks.
WARNING: [HLS 200-1020] Increasing the depth of FIFO plan_levels_flags_3_c184_channel (from Block_entry53_proc_U0 to plan5_pipeline_pe_3_U0) to 3 to improve performance and/or avoid deadlocks.
WARNING: [HLS 200-1020] Increasing the depth of FIFO plan_levels_flags_3_c185_channel (from Block_entry53_proc_U0 to plan5_pipeline_pe_2_U0) to 3 to improve performance and/or avoid deadlocks.
WARNING: [HLS 200-1020] Increasing the depth of FIFO plan_levels_flags_3_c186_channel (from Block_entry53_proc_U0 to plan5_pipeline_pe_U0) to 3 to improve performance and/or avoid deadlocks.
WARNING: [HLS 200-1020] Increasing the depth of FIFO plan_levels_flags_4_c_channel (from Block_entry53_proc_U0 to plan5_pipeline_pe_4_U0) to 3 to improve performance and/or avoid deadlocks.
WARNING: [HLS 200-1020] Increasing the depth of FIFO plan_levels_flags_4_c187_channel (from Block_entry53_proc_U0 to plan5_pipeline_pe_3_U0) to 3 to improve performance and/or avoid deadlocks.
WARNING: [HLS 200-1020] Increasing the depth of FIFO plan_levels_flags_4_c188_channel (from Block_entry53_proc_U0 to plan5_pipeline_pe_2_U0) to 3 to improve performance and/or avoid deadlocks.
WARNING: [HLS 200-1020] Increasing the depth of FIFO plan_levels_flags_4_c189_channel (from Block_entry53_proc_U0 to plan5_pipeline_pe_U0) to 3 to improve performance and/or avoid deadlocks.
INFO: [HLS 200-111] Finished Scheduling: CPU user time: 0.84 seconds. CPU system time: 0.08 seconds. Elapsed time: 1.65 seconds; current allocated memory: 804.527 MB.
INFO: [BIND 205-100] Starting micro-architecture generation ...
INFO: [BIND 205-101] Performing variable lifetime analysis.
INFO: [BIND 205-101] Exploring resource sharing.
INFO: [BIND 205-101] Binding ...
INFO: [BIND 205-100] Finished micro-architecture generation.
INFO: [HLS 200-111] Finished Binding: CPU user time: 0.2 seconds. CPU system time: 0.01 seconds. Elapsed time: 0.25 seconds; current allocated memory: 805.688 MB.
INFO: [HLS 200-10] ----------------------------------------------------------------
INFO: [HLS 200-10] -- Generating RTL for module 'entry_proc' 
INFO: [HLS 200-10] ----------------------------------------------------------------
INFO: [RTGEN 206-100] Finished creating RTL model for 'entry_proc'.
INFO: [HLS 200-111] Finished Creating RTL model: CPU user time: 0.43 seconds. CPU system time: 0 seconds. Elapsed time: 0.48 seconds; current allocated memory: 806.027 MB.
INFO: [HLS 200-10] ----------------------------------------------------------------
INFO: [HLS 200-10] -- Generating RTL for module 'Block_entry53_proc' 
INFO: [HLS 200-10] ----------------------------------------------------------------
INFO: [RTGEN 206-100] Finished creating RTL model for 'Block_entry53_proc'.
INFO: [HLS 200-111] Finished Creating RTL model: CPU user time: 0.92 seconds. CPU system time: 0.05 seconds. Elapsed time: 1.03 seconds; current allocated memory: 900.816 MB.
INFO: [HLS 200-10] ----------------------------------------------------------------
INFO: [HLS 200-10] -- Generating RTL for module 'plan5_scan_all_stage_Pipeline_V0_SCAN' 
INFO: [HLS 200-10] ----------------------------------------------------------------
INFO: [HLS 200-1030] Apply Unified Pipeline Control on module 'plan5_scan_all_stage_Pipeline_V0_SCAN' pipeline 'V0_SCAN' pipeline type 'loop pipeline'
INFO: [RTGEN 206-100] Finished creating RTL model for 'plan5_scan_all_stage_Pipeline_V0_SCAN'.
INFO: [HLS 200-111] Finished Creating RTL model: CPU user time: 0.13 seconds. CPU system time: 0.01 seconds. Elapsed time: 0.22 seconds; current allocated memory: 900.816 MB.
INFO: [HLS 200-10] ----------------------------------------------------------------
INFO: [HLS 200-10] -- Generating RTL for module 'plan5_scan_all_stage' 
INFO: [HLS 200-10] ----------------------------------------------------------------
INFO: [RTGEN 206-100] Finished creating RTL model for 'plan5_scan_all_stage'.
INFO: [HLS 200-111] Finished Creating RTL model: CPU user time: 0.06 seconds. CPU system time: 0.01 seconds. Elapsed time: 0.11 seconds; current allocated memory: 900.816 MB.
INFO: [HLS 200-10] ----------------------------------------------------------------
INFO: [HLS 200-10] -- Generating RTL for module 'plan5_pipeline_pe_Pipeline_ROW_PTR_LOAD_AND_REPL' 
INFO: [HLS 200-10] ----------------------------------------------------------------
INFO: [HLS 200-1030] Apply Unified Pipeline Control on module 'plan5_pipeline_pe_Pipeline_ROW_PTR_LOAD_AND_REPL' pipeline 'ROW_PTR_LOAD_AND_REPL' pipeline type 'loop pipeline'
WARNING: [RTGEN 206-101] Setting dangling out port 'plan5_pipeline_pe_Pipeline_ROW_PTR_LOAD_AND_REPL/m_axi_gmem8_ARVALID' to 0.
WARNING: [RTGEN 206-101] Setting dangling out port 'plan5_pipeline_pe_Pipeline_ROW_PTR_LOAD_AND_REPL/m_axi_gmem8_ARADDR' to 0.
WARNING: [RTGEN 206-101] Setting dangling out port 'plan5_pipeline_pe_Pipeline_ROW_PTR_LOAD_AND_REPL/m_axi_gmem8_ARID' to 0.
WARNING: [RTGEN 206-101] Setting dangling out port 'plan5_pipeline_pe_Pipeline_ROW_PTR_LOAD_AND_REPL/m_axi_gmem8_ARLEN' to 0.
WARNING: [RTGEN 206-101] Setting dangling out port 'plan5_pipeline_pe_Pipeline_ROW_PTR_LOAD_AND_REPL/m_axi_gmem8_ARSIZE' to 0.
WARNING: [RTGEN 206-101] Setting dangling out port 'plan5_pipeline_pe_Pipeline_ROW_PTR_LOAD_AND_REPL/m_axi_gmem8_ARBURST' to 0.
WARNING: [RTGEN 206-101] Setting dangling out port 'plan5_pipeline_pe_Pipeline_ROW_PTR_LOAD_AND_REPL/m_axi_gmem8_ARLOCK' to 0.
WARNING: [RTGEN 206-101] Setting dangling out port 'plan5_pipeline_pe_Pipeline_ROW_PTR_LOAD_AND_REPL/m_axi_gmem8_ARCACHE' to 0.
WARNING: [RTGEN 206-101] Setting dangling out port 'plan5_pipeline_pe_Pipeline_ROW_PTR_LOAD_AND_REPL/m_axi_gmem8_ARPROT' to 0.
WARNING: [RTGEN 206-101] Setting dangling out port 'plan5_pipeline_pe_Pipeline_ROW_PTR_LOAD_AND_REPL/m_axi_gmem8_ARQOS' to 0.
WARNING: [RTGEN 206-101] Setting dangling out port 'plan5_pipeline_pe_Pipeline_ROW_PTR_LOAD_AND_REPL/m_axi_gmem8_ARREGION' to 0.
WARNING: [RTGEN 206-101] Setting dangling out port 'plan5_pipeline_pe_Pipeline_ROW_PTR_LOAD_AND_REPL/m_axi_gmem8_ARUSER' to 0.
INFO: [RTGEN 206-100] Finished creating RTL model for 'plan5_pipeline_pe_Pipeline_ROW_PTR_LOAD_AND_REPL'.
INFO: [HLS 200-111] Finished Creating RTL model: CPU user time: 0.12 seconds. CPU system time: 0.01 seconds. Elapsed time: 0.26 seconds; current allocated memory: 900.816 MB.
INFO: [HLS 200-10] ----------------------------------------------------------------
INFO: [HLS 200-10] -- Generating RTL for module 'plan5_intersect_emit_stage_Pipeline_LOAD_A_LOCAL' 
INFO: [HLS 200-10] ----------------------------------------------------------------
INFO: [HLS 200-1030] Apply Unified Pipeline Control on module 'plan5_intersect_emit_stage_Pipeline_LOAD_A_LOCAL' pipeline 'LOAD_A_LOCAL' pipeline type 'loop pipeline'
WARNING: [RTGEN 206-101] Setting dangling out port 'plan5_intersect_emit_stage_Pipeline_LOAD_A_LOCAL/m_axi_gmem_pe0_L4_ARVALID' to 0.
WARNING: [RTGEN 206-101] Setting dangling out port 'plan5_intersect_emit_stage_Pipeline_LOAD_A_LOCAL/m_axi_gmem_pe0_L4_ARADDR' to 0.
WARNING: [RTGEN 206-101] Setting dangling out port 'plan5_intersect_emit_stage_Pipeline_LOAD_A_LOCAL/m_axi_gmem_pe0_L4_ARID' to 0.
WARNING: [RTGEN 206-101] Setting dangling out port 'plan5_intersect_emit_stage_Pipeline_LOAD_A_LOCAL/m_axi_gmem_pe0_L4_ARLEN' to 0.
WARNING: [RTGEN 206-101] Setting dangling out port 'plan5_intersect_emit_stage_Pipeline_LOAD_A_LOCAL/m_axi_gmem_pe0_L4_ARSIZE' to 0.
WARNING: [RTGEN 206-101] Setting dangling out port 'plan5_intersect_emit_stage_Pipeline_LOAD_A_LOCAL/m_axi_gmem_pe0_L4_ARBURST' to 0.
WARNING: [RTGEN 206-101] Setting dangling out port 'plan5_intersect_emit_stage_Pipeline_LOAD_A_LOCAL/m_axi_gmem_pe0_L4_ARLOCK' to 0.
WARNING: [RTGEN 206-101] Setting dangling out port 'plan5_intersect_emit_stage_Pipeline_LOAD_A_LOCAL/m_axi_gmem_pe0_L4_ARCACHE' to 0.
WARNING: [RTGEN 206-101] Setting dangling out port 'plan5_intersect_emit_stage_Pipeline_LOAD_A_LOCAL/m_axi_gmem_pe0_L4_ARPROT' to 0.
WARNING: [RTGEN 206-101] Setting dangling out port 'plan5_intersect_emit_stage_Pipeline_LOAD_A_LOCAL/m_axi_gmem_pe0_L4_ARQOS' to 0.
WARNING: [RTGEN 206-101] Setting dangling out port 'plan5_intersect_emit_stage_Pipeline_LOAD_A_LOCAL/m_axi_gmem_pe0_L4_ARREGION' to 0.
WARNING: [RTGEN 206-101] Setting dangling out port 'plan5_intersect_emit_stage_Pipeline_LOAD_A_LOCAL/m_axi_gmem_pe0_L4_ARUSER' to 0.
INFO: [RTGEN 206-100] Finished creating RTL model for 'plan5_intersect_emit_stage_Pipeline_LOAD_A_LOCAL'.
INFO: [HLS 200-111] Finished Creating RTL model: CPU user time: 0.14 seconds. CPU system time: 0 seconds. Elapsed time: 0.26 seconds; current allocated memory: 900.816 MB.
INFO: [HLS 200-10] ----------------------------------------------------------------
INFO: [HLS 200-10] -- Generating RTL for module 'plan5_intersect_emit_stage_Pipeline_LOAD_B_LOCAL' 
INFO: [HLS 200-10] ----------------------------------------------------------------
INFO: [HLS 200-1030] Apply Unified Pipeline Control on module 'plan5_intersect_emit_stage_Pipeline_LOAD_B_LOCAL' pipeline 'LOAD_B_LOCAL' pipeline type 'loop pipeline'
WARNING: [RTGEN 206-101] Setting dangling out port 'plan5_intersect_emit_stage_Pipeline_LOAD_B_LOCAL/m_axi_gmem_pe0_L4_ARVALID' to 0.
WARNING: [RTGEN 206-101] Setting dangling out port 'plan5_intersect_emit_stage_Pipeline_LOAD_B_LOCAL/m_axi_gmem_pe0_L4_ARADDR' to 0.
WARNING: [RTGEN 206-101] Setting dangling out port 'plan5_intersect_emit_stage_Pipeline_LOAD_B_LOCAL/m_axi_gmem_pe0_L4_ARID' to 0.
WARNING: [RTGEN 206-101] Setting dangling out port 'plan5_intersect_emit_stage_Pipeline_LOAD_B_LOCAL/m_axi_gmem_pe0_L4_ARLEN' to 0.
WARNING: [RTGEN 206-101] Setting dangling out port 'plan5_intersect_emit_stage_Pipeline_LOAD_B_LOCAL/m_axi_gmem_pe0_L4_ARSIZE' to 0.
WARNING: [RTGEN 206-101] Setting dangling out port 'plan5_intersect_emit_stage_Pipeline_LOAD_B_LOCAL/m_axi_gmem_pe0_L4_ARBURST' to 0.
WARNING: [RTGEN 206-101] Setting dangling out port 'plan5_intersect_emit_stage_Pipeline_LOAD_B_LOCAL/m_axi_gmem_pe0_L4_ARLOCK' to 0.
WARNING: [RTGEN 206-101] Setting dangling out port 'plan5_intersect_emit_stage_Pipeline_LOAD_B_LOCAL/m_axi_gmem_pe0_L4_ARCACHE' to 0.
WARNING: [RTGEN 206-101] Setting dangling out port 'plan5_intersect_emit_stage_Pipeline_LOAD_B_LOCAL/m_axi_gmem_pe0_L4_ARPROT' to 0.
WARNING: [RTGEN 206-101] Setting dangling out port 'plan5_intersect_emit_stage_Pipeline_LOAD_B_LOCAL/m_axi_gmem_pe0_L4_ARQOS' to 0.
WARNING: [RTGEN 206-101] Setting dangling out port 'plan5_intersect_emit_stage_Pipeline_LOAD_B_LOCAL/m_axi_gmem_pe0_L4_ARREGION' to 0.
WARNING: [RTGEN 206-101] Setting dangling out port 'plan5_intersect_emit_stage_Pipeline_LOAD_B_LOCAL/m_axi_gmem_pe0_L4_ARUSER' to 0.
INFO: [RTGEN 206-100] Finished creating RTL model for 'plan5_intersect_emit_stage_Pipeline_LOAD_B_LOCAL'.
INFO: [HLS 200-111] Finished Creating RTL model: CPU user time: 0.12 seconds. CPU system time: 0.01 seconds. Elapsed time: 0.24 seconds; current allocated memory: 900.816 MB.
INFO: [HLS 200-10] ----------------------------------------------------------------
INFO: [HLS 200-10] -- Generating RTL for module 'Feeder_FIFO_MIN_stage_Pipeline_load_A_fifo' 
INFO: [HLS 200-10] ----------------------------------------------------------------
INFO: [HLS 200-1030] Apply Unified Pipeline Control on module 'Feeder_FIFO_MIN_stage_Pipeline_load_A_fifo' pipeline 'load_A_fifo' pipeline type 'loop pipeline'
INFO: [RTGEN 206-100] Generating core module 'sparsemux_17_3_1_1_1': 1 instance(s).
INFO: [RTGEN 206-100] Generating core module 'sparsemux_17_3_9_1_1': 1 instance(s).
INFO: [RTGEN 206-100] Finished creating RTL model for 'Feeder_FIFO_MIN_stage_Pipeline_load_A_fifo'.
INFO: [HLS 200-111] Finished Creating RTL model: CPU user time: 0.09 seconds. CPU system time: 0 seconds. Elapsed time: 0.16 seconds; current allocated memory: 900.816 MB.
INFO: [HLS 200-10] ----------------------------------------------------------------
INFO: [HLS 200-10] -- Generating RTL for module 'Feeder_FIFO_MIN_stage_Pipeline_load_B_fifo' 
INFO: [HLS 200-10] ----------------------------------------------------------------
INFO: [HLS 200-1030] Apply Unified Pipeline Control on module 'Feeder_FIFO_MIN_stage_Pipeline_load_B_fifo' pipeline 'load_B_fifo' pipeline type 'loop pipeline'
INFO: [RTGEN 206-100] Generating core module 'sparsemux_17_3_1_1_1': 1 instance(s).
INFO: [RTGEN 206-100] Generating core module 'sparsemux_17_3_9_1_1': 1 instance(s).
INFO: [RTGEN 206-100] Finished creating RTL model for 'Feeder_FIFO_MIN_stage_Pipeline_load_B_fifo'.
INFO: [HLS 200-111] Finished Creating RTL model: CPU user time: 0.13 seconds. CPU system time: 0.01 seconds. Elapsed time: 0.22 seconds; current allocated memory: 900.816 MB.
INFO: [HLS 200-10] ----------------------------------------------------------------
INFO: [HLS 200-10] -- Generating RTL for module 'Feeder_FIFO_MIN_stage_Pipeline_feed_stream_loop' 
INFO: [HLS 200-10] ----------------------------------------------------------------
INFO: [HLS 200-1030] Apply Unified Pipeline Control on module 'Feeder_FIFO_MIN_stage_Pipeline_feed_stream_loop' pipeline 'feed_stream_loop' pipeline type 'loop pipeline'
INFO: [RTGEN 206-100] Finished creating RTL model for 'Feeder_FIFO_MIN_stage_Pipeline_feed_stream_loop'.
INFO: [HLS 200-111] Finished Creating RTL model: CPU user time: 0.15 seconds. CPU system time: 0.01 seconds. Elapsed time: 0.23 seconds; current allocated memory: 900.816 MB.
INFO: [HLS 200-10] ----------------------------------------------------------------
INFO: [HLS 200-10] -- Generating RTL for module 'Feeder_FIFO_MIN_stage' 
INFO: [HLS 200-10] ----------------------------------------------------------------
INFO: [RTGEN 206-100] Finished creating RTL model for 'Feeder_FIFO_MIN_stage'.
INFO: [RTMG 210-278] Implementing memory 'subgraph_kernel_plan5_v1_Feeder_FIFO_MIN_stage_fifoA_RAM_AUTO_1R1W' using auto RAMs.
INFO: [HLS 200-111] Finished Creating RTL model: CPU user time: 0.15 seconds. CPU system time: 0.02 seconds. Elapsed time: 0.26 seconds; current allocated memory: 906.953 MB.
INFO: [HLS 200-10] ----------------------------------------------------------------
INFO: [HLS 200-10] -- Generating RTL for module 'CAS_stage_stream_fifo' 
INFO: [HLS 200-10] ----------------------------------------------------------------
INFO: [HLS 200-1030] Apply Unified Pipeline Control on module 'CAS_stage_stream_fifo' pipeline 'CAS_STREAM_LOOP_FIFO' pipeline type 'loop pipeline'
INFO: [RTGEN 206-100] Finished creating RTL model for 'CAS_stage_stream_fifo'.
INFO: [HLS 200-111] Finished Creating RTL model: CPU user time: 0.13 seconds. CPU system time: 0 seconds. Elapsed time: 0.2 seconds; current allocated memory: 910.402 MB.
INFO: [HLS 200-10] ----------------------------------------------------------------
INFO: [HLS 200-10] -- Generating RTL for module 'Merge_stage_stream_fifo' 
INFO: [HLS 200-10] ----------------------------------------------------------------
INFO: [HLS 200-1030] Apply Unified Pipeline Control on module 'Merge_stage_stream_fifo' pipeline 'MERGE_STREAM_LOOP_FIFO' pipeline type 'loop pipeline'
INFO: [RTGEN 206-100] Finished creating RTL model for 'Merge_stage_stream_fifo'.
INFO: [HLS 200-111] Finished Creating RTL model: CPU user time: 0.14 seconds. CPU system time: 0.02 seconds. Elapsed time: 0.22 seconds; current allocated memory: 916.461 MB.
INFO: [HLS 200-10] ----------------------------------------------------------------
INFO: [HLS 200-10] -- Generating RTL for module 'Compact_stage_stream_fifo' 
INFO: [HLS 200-10] ----------------------------------------------------------------
INFO: [HLS 200-1030] Apply Unified Pipeline Control on module 'Compact_stage_stream_fifo' pipeline 'COMPACT_STREAM_LOOP_FIFO' pipeline type 'loop pipeline'
INFO: [RTGEN 206-100] Finished creating RTL model for 'Compact_stage_stream_fifo'.
INFO: [HLS 200-111] Finished Creating RTL model: CPU user time: 0.16 seconds. CPU system time: 0.02 seconds. Elapsed time: 0.27 seconds; current allocated memory: 921.684 MB.
INFO: [HLS 200-10] ----------------------------------------------------------------
INFO: [HLS 200-10] -- Generating RTL for module 'plan5_store_intersection_blocks_fifo_Pipeline_STORE_INTERSECTION_BLOCKS' 
INFO: [HLS 200-10] ----------------------------------------------------------------
INFO: [HLS 200-1030] Apply Unified Pipeline Control on module 'plan5_store_intersection_blocks_fifo_Pipeline_STORE_INTERSECTION_BLOCKS' pipeline 'STORE_INTERSECTION_BLOCKS' pipeline type 'loop pipeline'
INFO: [RTGEN 206-100] Finished creating RTL model for 'plan5_store_intersection_blocks_fifo_Pipeline_STORE_INTERSECTION_BLOCKS'.
INFO: [HLS 200-111] Finished Creating RTL model: CPU user time: 0.17 seconds. CPU system time: 0.01 seconds. Elapsed time: 0.26 seconds; current allocated memory: 927.699 MB.
INFO: [HLS 200-10] ----------------------------------------------------------------
INFO: [HLS 200-10] -- Generating RTL for module 'plan5_store_intersection_blocks_fifo' 
INFO: [HLS 200-10] ----------------------------------------------------------------
INFO: [RTGEN 206-100] Finished creating RTL model for 'plan5_store_intersection_blocks_fifo'.
INFO: [HLS 200-111] Finished Creating RTL model: CPU user time: 0.14 seconds. CPU system time: 0.01 seconds. Elapsed time: 0.2 seconds; current allocated memory: 935.785 MB.
INFO: [HLS 200-10] ----------------------------------------------------------------
INFO: [HLS 200-10] -- Generating RTL for module 'plan5_read_out_len_stage' 
INFO: [HLS 200-10] ----------------------------------------------------------------
INFO: [RTGEN 206-100] Finished creating RTL model for 'plan5_read_out_len_stage'.
INFO: [HLS 200-111] Finished Creating RTL model: CPU user time: 0.06 seconds. CPU system time: 0 seconds. Elapsed time: 0.13 seconds; current allocated memory: 936.344 MB.
INFO: [HLS 200-10] ----------------------------------------------------------------
INFO: [HLS 200-10] -- Generating RTL for module 'plan5_siu_collect_intersection_blocks' 
INFO: [HLS 200-10] ----------------------------------------------------------------
INFO: [RTGEN 206-100] Finished creating RTL model for 'plan5_siu_collect_intersection_blocks'.
INFO: [RTMG 210-285] Implementing FIFO 'min_to_cas_stream_U(subgraph_kernel_plan5_v1_fifo_w273_d2_S)' using Shift Registers.
INFO: [RTMG 210-285] Implementing FIFO 'ctrl_f2c_U(subgraph_kernel_plan5_v1_fifo_w1_d2_S)' using Shift Registers.
INFO: [RTMG 210-285] Implementing FIFO 'cas_to_merge_stream_U(subgraph_kernel_plan5_v1_fifo_w273_d2_S)' using Shift Registers.
INFO: [RTMG 210-285] Implementing FIFO 'ctrl_c2m_U(subgraph_kernel_plan5_v1_fifo_w1_d2_S)' using Shift Registers.
INFO: [RTMG 210-285] Implementing FIFO 'merge_to_compact_stream_U(subgraph_kernel_plan5_v1_fifo_w273_d8_A)' using Vivado Default RAMs.
INFO: [RTMG 210-285] Implementing FIFO 'ctrl_m2cp_U(subgraph_kernel_plan5_v1_fifo_w1_d2_S)' using Shift Registers.
INFO: [RTMG 210-285] Implementing FIFO 'compact_out_U(subgraph_kernel_plan5_v1_fifo_w32_d2_S)' using Shift Registers.
INFO: [RTMG 210-285] Implementing FIFO 'compact_out_1_U(subgraph_kernel_plan5_v1_fifo_w32_d2_S)' using Shift Registers.
INFO: [RTMG 210-285] Implementing FIFO 'compact_out_2_U(subgraph_kernel_plan5_v1_fifo_w32_d2_S)' using Shift Registers.
INFO: [RTMG 210-285] Implementing FIFO 'compact_out_3_U(subgraph_kernel_plan5_v1_fifo_w32_d2_S)' using Shift Registers.
INFO: [RTMG 210-285] Implementing FIFO 'compact_out_4_U(subgraph_kernel_plan5_v1_fifo_w32_d2_S)' using Shift Registers.
INFO: [RTMG 210-285] Implementing FIFO 'compact_out_5_U(subgraph_kernel_plan5_v1_fifo_w32_d2_S)' using Shift Registers.
INFO: [RTMG 210-285] Implementing FIFO 'compact_out_6_U(subgraph_kernel_plan5_v1_fifo_w32_d2_S)' using Shift Registers.
INFO: [RTMG 210-285] Implementing FIFO 'compact_out_7_U(subgraph_kernel_plan5_v1_fifo_w32_d2_S)' using Shift Registers.
INFO: [RTMG 210-285] Implementing FIFO 'ctrl_cp2store_U(subgraph_kernel_plan5_v1_fifo_w1_d2_S)' using Shift Registers.
INFO: [RTMG 210-285] Implementing FIFO 'out_len_stream_U(subgraph_kernel_plan5_v1_fifo_w32_d2_S)' using Shift Registers.
INFO: [RTMG 210-285] Implementing FIFO 'start_for_CAS_stage_stream_fifo_U0_U(subgraph_kernel_plan5_v1_start_for_CAS_stage_stream_fifo_U0)' using Shift Registers.
INFO: [RTMG 210-285] Implementing FIFO 'start_for_Merge_stage_stream_fifo_U0_U(subgraph_kernel_plan5_v1_start_for_Merge_stage_stream_fifo_U0)' using Shift Registers.
INFO: [RTMG 210-285] Implementing FIFO 'start_for_Compact_stage_stream_fifo_U0_U(subgraph_kernel_plan5_v1_start_for_Compact_stage_stream_fifo_U0)' using Shift Registers.
INFO: [RTMG 210-285] Implementing FIFO 'start_for_plan5_store_intersection_blocks_fifo_U0_U(subgraph_kernel_plan5_v1_start_for_plan5_store_intersection_blocks_fifo_U0)' using Shift Registers.
INFO: [RTMG 210-285] Implementing FIFO 'start_for_plan5_read_out_len_stage_U0_U(subgraph_kernel_plan5_v1_start_for_plan5_read_out_len_stage_U0)' using Shift Registers.
INFO: [HLS 200-111] Finished Creating RTL model: CPU user time: 0.19 seconds. CPU system time: 0.01 seconds. Elapsed time: 0.39 seconds; current allocated memory: 938.402 MB.
INFO: [HLS 200-10] ----------------------------------------------------------------
INFO: [HLS 200-10] -- Generating RTL for module 'plan5_intersect_emit_stage_Pipeline_EMIT_INTERSECTION_BLOCKS' 
INFO: [HLS 200-10] ----------------------------------------------------------------
INFO: [HLS 200-1030] Apply Unified Pipeline Control on module 'plan5_intersect_emit_stage_Pipeline_EMIT_INTERSECTION_BLOCKS' pipeline 'EMIT_INTERSECTION_BLOCKS' pipeline type 'loop pipeline'
INFO: [RTGEN 206-100] Generating core module 'sparsemux_17_3_32_1_1': 1 instance(s).
INFO: [RTGEN 206-100] Finished creating RTL model for 'plan5_intersect_emit_stage_Pipeline_EMIT_INTERSECTION_BLOCKS'.
INFO: [HLS 200-111] Finished Creating RTL model: CPU user time: 0.13 seconds. CPU system time: 0 seconds. Elapsed time: 0.22 seconds; current allocated memory: 941.496 MB.
INFO: [HLS 200-10] ----------------------------------------------------------------
INFO: [HLS 200-10] -- Generating RTL for module 'plan5_intersect_emit_stage' 
INFO: [HLS 200-10] ----------------------------------------------------------------
INFO: [RTGEN 206-100] Finished creating RTL model for 'plan5_intersect_emit_stage'.
INFO: [RTMG 210-278] Implementing memory 'subgraph_kernel_plan5_v1_plan5_intersect_emit_stage_local_a_RAM_T2P_BRAM_1R1W' using block RAMs.
INFO: [RTMG 210-278] Implementing memory 'subgraph_kernel_plan5_v1_plan5_intersect_emit_stage_inter_blocks_RAM_T2P_BRAM_1R1W' using block RAMs.
INFO: [RTMG 210-278] Implementing memory 'subgraph_kernel_plan5_v1_plan5_intersect_emit_stage_in_vid_RAM_AUTO_1R1W' using auto RAMs.
INFO: [HLS 200-111] Finished Creating RTL model: CPU user time: 0.15 seconds. CPU system time: 0.02 seconds. Elapsed time: 0.27 seconds; current allocated memory: 948.906 MB.
INFO: [HLS 200-10] ----------------------------------------------------------------
INFO: [HLS 200-10] -- Generating RTL for module 'plan5_expand_nbr_stage_Pipeline_BLK_LOOP' 
INFO: [HLS 200-10] ----------------------------------------------------------------
INFO: [HLS 200-1030] Apply Unified Pipeline Control on module 'plan5_expand_nbr_stage_Pipeline_BLK_LOOP' pipeline 'BLK_LOOP' pipeline type 'loop pipeline'
INFO: [RTGEN 206-100] Finished creating RTL model for 'plan5_expand_nbr_stage_Pipeline_BLK_LOOP'.
INFO: [HLS 200-111] Finished Creating RTL model: CPU user time: 0.16 seconds. CPU system time: 0.01 seconds. Elapsed time: 0.26 seconds; current allocated memory: 954.145 MB.
INFO: [HLS 200-10] ----------------------------------------------------------------
INFO: [HLS 200-10] -- Generating RTL for module 'plan5_expand_nbr_stage' 
INFO: [HLS 200-10] ----------------------------------------------------------------
INFO: [RTGEN 206-100] Finished creating RTL model for 'plan5_expand_nbr_stage'.
INFO: [HLS 200-111] Finished Creating RTL model: CPU user time: 0.14 seconds. CPU system time: 0.01 seconds. Elapsed time: 0.22 seconds; current allocated memory: 959.703 MB.
INFO: [HLS 200-10] ----------------------------------------------------------------
INFO: [HLS 200-10] -- Generating RTL for module 'plan5_forward_stage' 
INFO: [HLS 200-10] ----------------------------------------------------------------
INFO: [RTGEN 206-100] Finished creating RTL model for 'plan5_forward_stage'.
INFO: [HLS 200-111] Finished Creating RTL model: CPU user time: 0.13 seconds. CPU system time: 0 seconds. Elapsed time: 0.2 seconds; current allocated memory: 962.441 MB.
INFO: [HLS 200-10] ----------------------------------------------------------------
INFO: [HLS 200-10] -- Generating RTL for module 'plan5_level_unit' 
INFO: [HLS 200-10] ----------------------------------------------------------------
INFO: [RTGEN 206-100] Finished creating RTL model for 'plan5_level_unit'.
INFO: [HLS 200-111] Finished Creating RTL model: CPU user time: 0.06 seconds. CPU system time: 0.02 seconds. Elapsed time: 0.14 seconds; current allocated memory: 964.527 MB.
INFO: [HLS 200-10] ----------------------------------------------------------------
INFO: [HLS 200-10] -- Generating RTL for module 'plan5_level_unit_5' 
INFO: [HLS 200-10] ----------------------------------------------------------------
INFO: [RTGEN 206-100] Finished creating RTL model for 'plan5_level_unit_5'.
INFO: [HLS 200-111] Finished Creating RTL model: CPU user time: 0.09 seconds. CPU system time: 0 seconds. Elapsed time: 0.18 seconds; current allocated memory: 965.809 MB.
INFO: [HLS 200-10] ----------------------------------------------------------------
INFO: [HLS 200-10] -- Generating RTL for module 'plan5_level_unit_6' 
INFO: [HLS 200-10] ----------------------------------------------------------------
INFO: [RTGEN 206-100] Finished creating RTL model for 'plan5_level_unit_6'.
INFO: [HLS 200-111] Finished Creating RTL model: CPU user time: 0.1 seconds. CPU system time: 0.02 seconds. Elapsed time: 0.18 seconds; current allocated memory: 967.527 MB.
INFO: [HLS 200-10] ----------------------------------------------------------------
INFO: [HLS 200-10] -- Generating RTL for module 'plan5_level_unit_7' 
INFO: [HLS 200-10] ----------------------------------------------------------------
INFO: [RTGEN 206-100] Finished creating RTL model for 'plan5_level_unit_7'.
INFO: [HLS 200-111] Finished Creating RTL model: CPU user time: 0.09 seconds. CPU system time: 0.01 seconds. Elapsed time: 0.15 seconds; current allocated memory: 969.242 MB.
INFO: [HLS 200-10] ----------------------------------------------------------------
INFO: [HLS 200-10] -- Generating RTL for module 'plan5_level_unit_8' 
INFO: [HLS 200-10] ----------------------------------------------------------------
INFO: [RTGEN 206-100] Finished creating RTL model for 'plan5_level_unit_8'.
INFO: [HLS 200-111] Finished Creating RTL model: CPU user time: 0.08 seconds. CPU system time: 0.01 seconds. Elapsed time: 0.15 seconds; current allocated memory: 970.984 MB.
INFO: [HLS 200-10] ----------------------------------------------------------------
INFO: [HLS 200-10] -- Generating RTL for module 'plan5_count_embeddings_Pipeline_COUNT_LOOP' 
INFO: [HLS 200-10] ----------------------------------------------------------------
INFO: [HLS 200-1030] Apply Unified Pipeline Control on module 'plan5_count_embeddings_Pipeline_COUNT_LOOP' pipeline 'COUNT_LOOP' pipeline type 'loop pipeline'
INFO: [RTGEN 206-100] Finished creating RTL model for 'plan5_count_embeddings_Pipeline_COUNT_LOOP'.
INFO: [HLS 200-111] Finished Creating RTL model: CPU user time: 0.09 seconds. CPU system time: 0.01 seconds. Elapsed time: 0.15 seconds; current allocated memory: 972.695 MB.
INFO: [HLS 200-10] ----------------------------------------------------------------
INFO: [HLS 200-10] -- Generating RTL for module 'plan5_count_embeddings' 
INFO: [HLS 200-10] ----------------------------------------------------------------
INFO: [RTGEN 206-100] Finished creating RTL model for 'plan5_count_embeddings'.
INFO: [HLS 200-111] Finished Creating RTL model: CPU user time: 0.08 seconds. CPU system time: 0 seconds. Elapsed time: 0.14 seconds; current allocated memory: 973.637 MB.
INFO: [HLS 200-10] ----------------------------------------------------------------
INFO: [HLS 200-10] -- Generating RTL for module 'plan5_pipeline_pe_df' 
INFO: [HLS 200-10] ----------------------------------------------------------------
WARNING: [RTGEN 206-101] Setting dangling out port 'plan5_pipeline_pe_df/m_axi_gmem_pe3_L0_AWVALID' to 0.
WARNING: [RTGEN 206-101] Setting dangling out port 'plan5_pipeline_pe_df/m_axi_gmem_pe3_L0_AWADDR' to 0.
WARNING: [RTGEN 206-101] Setting dangling out port 'plan5_pipeline_pe_df/m_axi_gmem_pe3_L0_AWID' to 0.
WARNING: [RTGEN 206-101] Setting dangling out port 'plan5_pipeline_pe_df/m_axi_gmem_pe3_L0_AWLEN' to 0.
WARNING: [RTGEN 206-101] Setting dangling out port 'plan5_pipeline_pe_df/m_axi_gmem_pe3_L0_AWSIZE' to 0.
WARNING: [RTGEN 206-101] Setting dangling out port 'plan5_pipeline_pe_df/m_axi_gmem_pe3_L0_AWBURST' to 0.
WARNING: [RTGEN 206-101] Setting dangling out port 'plan5_pipeline_pe_df/m_axi_gmem_pe3_L0_AWLOCK' to 0.
WARNING: [RTGEN 206-101] Setting dangling out port 'plan5_pipeline_pe_df/m_axi_gmem_pe3_L0_AWCACHE' to 0.
WARNING: [RTGEN 206-101] Setting dangling out port 'plan5_pipeline_pe_df/m_axi_gmem_pe3_L0_AWPROT' to 0.
WARNING: [RTGEN 206-101] Setting dangling out port 'plan5_pipeline_pe_df/m_axi_gmem_pe3_L0_AWQOS' to 0.
WARNING: [RTGEN 206-101] Setting dangling out port 'plan5_pipeline_pe_df/m_axi_gmem_pe3_L0_AWREGION' to 0.
WARNING: [RTGEN 206-101] Setting dangling out port 'plan5_pipeline_pe_df/m_axi_gmem_pe3_L0_AWUSER' to 0.
WARNING: [RTGEN 206-101] Setting dangling out port 'plan5_pipeline_pe_df/m_axi_gmem_pe3_L0_WVALID' to 0.
WARNING: [RTGEN 206-101] Setting dangling out port 'plan5_pipeline_pe_df/m_axi_gmem_pe3_L0_WDATA' to 0.
WARNING: [RTGEN 206-101] Setting dangling out port 'plan5_pipeline_pe_df/m_axi_gmem_pe3_L0_WSTRB' to 0.
WARNING: [RTGEN 206-101] Setting dangling out port 'plan5_pipeline_pe_df/m_axi_gmem_pe3_L0_WLAST' to 0.
WARNING: [RTGEN 206-101] Setting dangling out port 'plan5_pipeline_pe_df/m_axi_gmem_pe3_L0_WID' to 0.
WARNING: [RTGEN 206-101] Setting dangling out port 'plan5_pipeline_pe_df/m_axi_gmem_pe3_L0_WUSER' to 0.
WARNING: [RTGEN 206-101] Setting dangling out port 'plan5_pipeline_pe_df/m_axi_gmem_pe3_L0_BREADY' to 0.
WARNING: [RTGEN 206-101] Setting dangling out port 'plan5_pipeline_pe_df/m_axi_gmem_pe3_L1_AWVALID' to 0.
WARNING: [RTGEN 206-101] Setting dangling out port 'plan5_pipeline_pe_df/m_axi_gmem_pe3_L1_AWADDR' to 0.
WARNING: [RTGEN 206-101] Setting dangling out port 'plan5_pipeline_pe_df/m_axi_gmem_pe3_L1_AWID' to 0.
WARNING: [RTGEN 206-101] Setting dangling out port 'plan5_pipeline_pe_df/m_axi_gmem_pe3_L1_AWLEN' to 0.
WARNING: [RTGEN 206-101] Setting dangling out port 'plan5_pipeline_pe_df/m_axi_gmem_pe3_L1_AWSIZE' to 0.
WARNING: [RTGEN 206-101] Setting dangling out port 'plan5_pipeline_pe_df/m_axi_gmem_pe3_L1_AWBURST' to 0.
WARNING: [RTGEN 206-101] Setting dangling out port 'plan5_pipeline_pe_df/m_axi_gmem_pe3_L1_AWLOCK' to 0.
WARNING: [RTGEN 206-101] Setting dangling out port 'plan5_pipeline_pe_df/m_axi_gmem_pe3_L1_AWCACHE' to 0.
WARNING: [RTGEN 206-101] Setting dangling out port 'plan5_pipeline_pe_df/m_axi_gmem_pe3_L1_AWPROT' to 0.
WARNING: [RTGEN 206-101] Setting dangling out port 'plan5_pipeline_pe_df/m_axi_gmem_pe3_L1_AWQOS' to 0.
WARNING: [RTGEN 206-101] Setting dangling out port 'plan5_pipeline_pe_df/m_axi_gmem_pe3_L1_AWREGION' to 0.
WARNING: [RTGEN 206-101] Setting dangling out port 'plan5_pipeline_pe_df/m_axi_gmem_pe3_L1_AWUSER' to 0.
WARNING: [RTGEN 206-101] Setting dangling out port 'plan5_pipeline_pe_df/m_axi_gmem_pe3_L1_WVALID' to 0.
WARNING: [RTGEN 206-101] Setting dangling out port 'plan5_pipeline_pe_df/m_axi_gmem_pe3_L1_WDATA' to 0.
WARNING: [RTGEN 206-101] Setting dangling out port 'plan5_pipeline_pe_df/m_axi_gmem_pe3_L1_WSTRB' to 0.
WARNING: [RTGEN 206-101] Setting dangling out port 'plan5_pipeline_pe_df/m_axi_gmem_pe3_L1_WLAST' to 0.
WARNING: [RTGEN 206-101] Setting dangling out port 'plan5_pipeline_pe_df/m_axi_gmem_pe3_L1_WID' to 0.
WARNING: [RTGEN 206-101] Setting dangling out port 'plan5_pipeline_pe_df/m_axi_gmem_pe3_L1_WUSER' to 0.
WARNING: [RTGEN 206-101] Setting dangling out port 'plan5_pipeline_pe_df/m_axi_gmem_pe3_L1_BREADY' to 0.
WARNING: [RTGEN 206-101] Setting dangling out port 'plan5_pipeline_pe_df/m_axi_gmem_pe3_L2_AWVALID' to 0.
WARNING: [RTGEN 206-101] Setting dangling out port 'plan5_pipeline_pe_df/m_axi_gmem_pe3_L2_AWADDR' to 0.
WARNING: [RTGEN 206-101] Setting dangling out port 'plan5_pipeline_pe_df/m_axi_gmem_pe3_L2_AWID' to 0.
WARNING: [RTGEN 206-101] Setting dangling out port 'plan5_pipeline_pe_df/m_axi_gmem_pe3_L2_AWLEN' to 0.
WARNING: [RTGEN 206-101] Setting dangling out port 'plan5_pipeline_pe_df/m_axi_gmem_pe3_L2_AWSIZE' to 0.
WARNING: [RTGEN 206-101] Setting dangling out port 'plan5_pipeline_pe_df/m_axi_gmem_pe3_L2_AWBURST' to 0.
WARNING: [RTGEN 206-101] Setting dangling out port 'plan5_pipeline_pe_df/m_axi_gmem_pe3_L2_AWLOCK' to 0.
WARNING: [RTGEN 206-101] Setting dangling out port 'plan5_pipeline_pe_df/m_axi_gmem_pe3_L2_AWCACHE' to 0.
WARNING: [RTGEN 206-101] Setting dangling out port 'plan5_pipeline_pe_df/m_axi_gmem_pe3_L2_AWPROT' to 0.
WARNING: [RTGEN 206-101] Setting dangling out port 'plan5_pipeline_pe_df/m_axi_gmem_pe3_L2_AWQOS' to 0.
WARNING: [RTGEN 206-101] Setting dangling out port 'plan5_pipeline_pe_df/m_axi_gmem_pe3_L2_AWREGION' to 0.
WARNING: [RTGEN 206-101] Setting dangling out port 'plan5_pipeline_pe_df/m_axi_gmem_pe3_L2_AWUSER' to 0.
WARNING: [RTGEN 206-101] Setting dangling out port 'plan5_pipeline_pe_df/m_axi_gmem_pe3_L2_WVALID' to 0.
WARNING: [RTGEN 206-101] Setting dangling out port 'plan5_pipeline_pe_df/m_axi_gmem_pe3_L2_WDATA' to 0.
WARNING: [RTGEN 206-101] Setting dangling out port 'plan5_pipeline_pe_df/m_axi_gmem_pe3_L2_WSTRB' to 0.
WARNING: [RTGEN 206-101] Setting dangling out port 'plan5_pipeline_pe_df/m_axi_gmem_pe3_L2_WLAST' to 0.
WARNING: [RTGEN 206-101] Setting dangling out port 'plan5_pipeline_pe_df/m_axi_gmem_pe3_L2_WID' to 0.
WARNING: [RTGEN 206-101] Setting dangling out port 'plan5_pipeline_pe_df/m_axi_gmem_pe3_L2_WUSER' to 0.
WARNING: [RTGEN 206-101] Setting dangling out port 'plan5_pipeline_pe_df/m_axi_gmem_pe3_L2_BREADY' to 0.
WARNING: [RTGEN 206-101] Setting dangling out port 'plan5_pipeline_pe_df/m_axi_gmem_pe3_L3_AWVALID' to 0.
WARNING: [RTGEN 206-101] Setting dangling out port 'plan5_pipeline_pe_df/m_axi_gmem_pe3_L3_AWADDR' to 0.
WARNING: [RTGEN 206-101] Setting dangling out port 'plan5_pipeline_pe_df/m_axi_gmem_pe3_L3_AWID' to 0.
WARNING: [RTGEN 206-101] Setting dangling out port 'plan5_pipeline_pe_df/m_axi_gmem_pe3_L3_AWLEN' to 0.
WARNING: [RTGEN 206-101] Setting dangling out port 'plan5_pipeline_pe_df/m_axi_gmem_pe3_L3_AWSIZE' to 0.
WARNING: [RTGEN 206-101] Setting dangling out port 'plan5_pipeline_pe_df/m_axi_gmem_pe3_L3_AWBURST' to 0.
WARNING: [RTGEN 206-101] Setting dangling out port 'plan5_pipeline_pe_df/m_axi_gmem_pe3_L3_AWLOCK' to 0.
WARNING: [RTGEN 206-101] Setting dangling out port 'plan5_pipeline_pe_df/m_axi_gmem_pe3_L3_AWCACHE' to 0.
WARNING: [RTGEN 206-101] Setting dangling out port 'plan5_pipeline_pe_df/m_axi_gmem_pe3_L3_AWPROT' to 0.
WARNING: [RTGEN 206-101] Setting dangling out port 'plan5_pipeline_pe_df/m_axi_gmem_pe3_L3_AWQOS' to 0.
WARNING: [RTGEN 206-101] Setting dangling out port 'plan5_pipeline_pe_df/m_axi_gmem_pe3_L3_AWREGION' to 0.
WARNING: [RTGEN 206-101] Setting dangling out port 'plan5_pipeline_pe_df/m_axi_gmem_pe3_L3_AWUSER' to 0.
WARNING: [RTGEN 206-101] Setting dangling out port 'plan5_pipeline_pe_df/m_axi_gmem_pe3_L3_WVALID' to 0.
WARNING: [RTGEN 206-101] Setting dangling out port 'plan5_pipeline_pe_df/m_axi_gmem_pe3_L3_WDATA' to 0.
WARNING: [RTGEN 206-101] Setting dangling out port 'plan5_pipeline_pe_df/m_axi_gmem_pe3_L3_WSTRB' to 0.
WARNING: [RTGEN 206-101] Setting dangling out port 'plan5_pipeline_pe_df/m_axi_gmem_pe3_L3_WLAST' to 0.
WARNING: [RTGEN 206-101] Setting dangling out port 'plan5_pipeline_pe_df/m_axi_gmem_pe3_L3_WID' to 0.
WARNING: [RTGEN 206-101] Setting dangling out port 'plan5_pipeline_pe_df/m_axi_gmem_pe3_L3_WUSER' to 0.
WARNING: [RTGEN 206-101] Setting dangling out port 'plan5_pipeline_pe_df/m_axi_gmem_pe3_L3_BREADY' to 0.
WARNING: [RTGEN 206-101] Setting dangling out port 'plan5_pipeline_pe_df/m_axi_gmem_pe3_L4_AWVALID' to 0.
WARNING: [RTGEN 206-101] Setting dangling out port 'plan5_pipeline_pe_df/m_axi_gmem_pe3_L4_AWADDR' to 0.
WARNING: [RTGEN 206-101] Setting dangling out port 'plan5_pipeline_pe_df/m_axi_gmem_pe3_L4_AWID' to 0.
WARNING: [RTGEN 206-101] Setting dangling out port 'plan5_pipeline_pe_df/m_axi_gmem_pe3_L4_AWLEN' to 0.
WARNING: [RTGEN 206-101] Setting dangling out port 'plan5_pipeline_pe_df/m_axi_gmem_pe3_L4_AWSIZE' to 0.
WARNING: [RTGEN 206-101] Setting dangling out port 'plan5_pipeline_pe_df/m_axi_gmem_pe3_L4_AWBURST' to 0.
WARNING: [RTGEN 206-101] Setting dangling out port 'plan5_pipeline_pe_df/m_axi_gmem_pe3_L4_AWLOCK' to 0.
WARNING: [RTGEN 206-101] Setting dangling out port 'plan5_pipeline_pe_df/m_axi_gmem_pe3_L4_AWCACHE' to 0.
WARNING: [RTGEN 206-101] Setting dangling out port 'plan5_pipeline_pe_df/m_axi_gmem_pe3_L4_AWPROT' to 0.
WARNING: [RTGEN 206-101] Setting dangling out port 'plan5_pipeline_pe_df/m_axi_gmem_pe3_L4_AWQOS' to 0.
WARNING: [RTGEN 206-101] Setting dangling out port 'plan5_pipeline_pe_df/m_axi_gmem_pe3_L4_AWREGION' to 0.
WARNING: [RTGEN 206-101] Setting dangling out port 'plan5_pipeline_pe_df/m_axi_gmem_pe3_L4_AWUSER' to 0.
WARNING: [RTGEN 206-101] Setting dangling out port 'plan5_pipeline_pe_df/m_axi_gmem_pe3_L4_WVALID' to 0.
WARNING: [RTGEN 206-101] Setting dangling out port 'plan5_pipeline_pe_df/m_axi_gmem_pe3_L4_WDATA' to 0.
WARNING: [RTGEN 206-101] Setting dangling out port 'plan5_pipeline_pe_df/m_axi_gmem_pe3_L4_WSTRB' to 0.
WARNING: [RTGEN 206-101] Setting dangling out port 'plan5_pipeline_pe_df/m_axi_gmem_pe3_L4_WLAST' to 0.
WARNING: [RTGEN 206-101] Setting dangling out port 'plan5_pipeline_pe_df/m_axi_gmem_pe3_L4_WID' to 0.
WARNING: [RTGEN 206-101] Setting dangling out port 'plan5_pipeline_pe_df/m_axi_gmem_pe3_L4_WUSER' to 0.
WARNING: [RTGEN 206-101] Setting dangling out port 'plan5_pipeline_pe_df/m_axi_gmem_pe3_L4_BREADY' to 0.
INFO: [RTGEN 206-100] Finished creating RTL model for 'plan5_pipeline_pe_df'.
INFO: [RTMG 210-285] Implementing FIFO 's1_U(subgraph_kernel_plan5_v1_fifo_w164_d64_A)' using Vivado Default RAMs.
INFO: [RTMG 210-285] Implementing FIFO 's2_U(subgraph_kernel_plan5_v1_fifo_w164_d64_A)' using Vivado Default RAMs.
INFO: [RTMG 210-285] Implementing FIFO 's3_U(subgraph_kernel_plan5_v1_fifo_w164_d64_A)' using Vivado Default RAMs.
INFO: [RTMG 210-285] Implementing FIFO 's4_U(subgraph_kernel_plan5_v1_fifo_w164_d64_A)' using Vivado Default RAMs.
INFO: [RTMG 210-285] Implementing FIFO 's5_U(subgraph_kernel_plan5_v1_fifo_w164_d64_A)' using Vivado Default RAMs.
INFO: [RTMG 210-285] Implementing FIFO 'start_for_plan5_count_embeddings_U0_U(subgraph_kernel_plan5_v1_start_for_plan5_count_embeddings_U0)' using Shift Registers.
INFO: [HLS 200-111] Finished Creating RTL model: CPU user time: 0.71 seconds. CPU system time: 0.03 seconds. Elapsed time: 1.3 seconds; current allocated memory: 974.570 MB.
INFO: [HLS 200-10] ----------------------------------------------------------------
INFO: [HLS 200-10] -- Generating RTL for module 'plan5_pipeline_pe' 
INFO: [HLS 200-10] ----------------------------------------------------------------
INFO: [RTGEN 206-100] Finished creating RTL model for 'plan5_pipeline_pe'.
INFO: [RTMG 210-278] Implementing memory 'subgraph_kernel_plan5_v1_plan5_pipeline_pe_row_ptr_l0_RAM_2P_URAM_1R1W' using ultra RAMs.
INFO: [HLS 200-111] Finished Creating RTL model: CPU user time: 0.23 seconds. CPU system time: 0.01 seconds. Elapsed time: 0.31 seconds; current allocated memory: 980.570 MB.
INFO: [HLS 200-10] ----------------------------------------------------------------
INFO: [HLS 200-10] -- Generating RTL for module 'plan5_pipeline_pe_2_Pipeline_ROW_PTR_LOAD_AND_REPL' 
INFO: [HLS 200-10] ----------------------------------------------------------------
INFO: [HLS 200-1030] Apply Unified Pipeline Control on module 'plan5_pipeline_pe_2_Pipeline_ROW_PTR_LOAD_AND_REPL' pipeline 'ROW_PTR_LOAD_AND_REPL' pipeline type 'loop pipeline'
WARNING: [RTGEN 206-101] Setting dangling out port 'plan5_pipeline_pe_2_Pipeline_ROW_PTR_LOAD_AND_REPL/m_axi_gmem11_ARVALID' to 0.
WARNING: [RTGEN 206-101] Setting dangling out port 'plan5_pipeline_pe_2_Pipeline_ROW_PTR_LOAD_AND_REPL/m_axi_gmem11_ARADDR' to 0.
WARNING: [RTGEN 206-101] Setting dangling out port 'plan5_pipeline_pe_2_Pipeline_ROW_PTR_LOAD_AND_REPL/m_axi_gmem11_ARID' to 0.
WARNING: [RTGEN 206-101] Setting dangling out port 'plan5_pipeline_pe_2_Pipeline_ROW_PTR_LOAD_AND_REPL/m_axi_gmem11_ARLEN' to 0.
WARNING: [RTGEN 206-101] Setting dangling out port 'plan5_pipeline_pe_2_Pipeline_ROW_PTR_LOAD_AND_REPL/m_axi_gmem11_ARSIZE' to 0.
WARNING: [RTGEN 206-101] Setting dangling out port 'plan5_pipeline_pe_2_Pipeline_ROW_PTR_LOAD_AND_REPL/m_axi_gmem11_ARBURST' to 0.
WARNING: [RTGEN 206-101] Setting dangling out port 'plan5_pipeline_pe_2_Pipeline_ROW_PTR_LOAD_AND_REPL/m_axi_gmem11_ARLOCK' to 0.
WARNING: [RTGEN 206-101] Setting dangling out port 'plan5_pipeline_pe_2_Pipeline_ROW_PTR_LOAD_AND_REPL/m_axi_gmem11_ARCACHE' to 0.
WARNING: [RTGEN 206-101] Setting dangling out port 'plan5_pipeline_pe_2_Pipeline_ROW_PTR_LOAD_AND_REPL/m_axi_gmem11_ARPROT' to 0.
WARNING: [RTGEN 206-101] Setting dangling out port 'plan5_pipeline_pe_2_Pipeline_ROW_PTR_LOAD_AND_REPL/m_axi_gmem11_ARQOS' to 0.
WARNING: [RTGEN 206-101] Setting dangling out port 'plan5_pipeline_pe_2_Pipeline_ROW_PTR_LOAD_AND_REPL/m_axi_gmem11_ARREGION' to 0.
WARNING: [RTGEN 206-101] Setting dangling out port 'plan5_pipeline_pe_2_Pipeline_ROW_PTR_LOAD_AND_REPL/m_axi_gmem11_ARUSER' to 0.
INFO: [RTGEN 206-100] Finished creating RTL model for 'plan5_pipeline_pe_2_Pipeline_ROW_PTR_LOAD_AND_REPL'.
INFO: [HLS 200-111] Finished Creating RTL model: CPU user time: 0.29 seconds. CPU system time: 0.01 seconds. Elapsed time: 0.43 seconds; current allocated memory: 984.098 MB.
INFO: [HLS 200-10] ----------------------------------------------------------------
INFO: [HLS 200-10] -- Generating RTL for module 'plan5_pipeline_pe_2' 
INFO: [HLS 200-10] ----------------------------------------------------------------
INFO: [RTGEN 206-100] Finished creating RTL model for 'plan5_pipeline_pe_2'.
INFO: [HLS 200-111] Finished Creating RTL model: CPU user time: 0.09 seconds. CPU system time: 0.01 seconds. Elapsed time: 0.17 seconds; current allocated memory: 988.762 MB.
INFO: [HLS 200-10] ----------------------------------------------------------------
INFO: [HLS 200-10] -- Generating RTL for module 'plan5_pipeline_pe_3_Pipeline_ROW_PTR_LOAD_AND_REPL' 
INFO: [HLS 200-10] ----------------------------------------------------------------
INFO: [HLS 200-1030] Apply Unified Pipeline Control on module 'plan5_pipeline_pe_3_Pipeline_ROW_PTR_LOAD_AND_REPL' pipeline 'ROW_PTR_LOAD_AND_REPL' pipeline type 'loop pipeline'
WARNING: [RTGEN 206-101] Setting dangling out port 'plan5_pipeline_pe_3_Pipeline_ROW_PTR_LOAD_AND_REPL/m_axi_gmem12_ARVALID' to 0.
WARNING: [RTGEN 206-101] Setting dangling out port 'plan5_pipeline_pe_3_Pipeline_ROW_PTR_LOAD_AND_REPL/m_axi_gmem12_ARADDR' to 0.
WARNING: [RTGEN 206-101] Setting dangling out port 'plan5_pipeline_pe_3_Pipeline_ROW_PTR_LOAD_AND_REPL/m_axi_gmem12_ARID' to 0.
WARNING: [RTGEN 206-101] Setting dangling out port 'plan5_pipeline_pe_3_Pipeline_ROW_PTR_LOAD_AND_REPL/m_axi_gmem12_ARLEN' to 0.
WARNING: [RTGEN 206-101] Setting dangling out port 'plan5_pipeline_pe_3_Pipeline_ROW_PTR_LOAD_AND_REPL/m_axi_gmem12_ARSIZE' to 0.
WARNING: [RTGEN 206-101] Setting dangling out port 'plan5_pipeline_pe_3_Pipeline_ROW_PTR_LOAD_AND_REPL/m_axi_gmem12_ARBURST' to 0.
WARNING: [RTGEN 206-101] Setting dangling out port 'plan5_pipeline_pe_3_Pipeline_ROW_PTR_LOAD_AND_REPL/m_axi_gmem12_ARLOCK' to 0.
WARNING: [RTGEN 206-101] Setting dangling out port 'plan5_pipeline_pe_3_Pipeline_ROW_PTR_LOAD_AND_REPL/m_axi_gmem12_ARCACHE' to 0.
WARNING: [RTGEN 206-101] Setting dangling out port 'plan5_pipeline_pe_3_Pipeline_ROW_PTR_LOAD_AND_REPL/m_axi_gmem12_ARPROT' to 0.
WARNING: [RTGEN 206-101] Setting dangling out port 'plan5_pipeline_pe_3_Pipeline_ROW_PTR_LOAD_AND_REPL/m_axi_gmem12_ARQOS' to 0.
WARNING: [RTGEN 206-101] Setting dangling out port 'plan5_pipeline_pe_3_Pipeline_ROW_PTR_LOAD_AND_REPL/m_axi_gmem12_ARREGION' to 0.
WARNING: [RTGEN 206-101] Setting dangling out port 'plan5_pipeline_pe_3_Pipeline_ROW_PTR_LOAD_AND_REPL/m_axi_gmem12_ARUSER' to 0.
INFO: [RTGEN 206-100] Finished creating RTL model for 'plan5_pipeline_pe_3_Pipeline_ROW_PTR_LOAD_AND_REPL'.
INFO: [HLS 200-111] Finished Creating RTL model: CPU user time: 0.31 seconds. CPU system time: 0.01 seconds. Elapsed time: 0.56 seconds; current allocated memory: 992.309 MB.
INFO: [HLS 200-10] ----------------------------------------------------------------
INFO: [HLS 200-10] -- Generating RTL for module 'plan5_pipeline_pe_3' 
INFO: [HLS 200-10] ----------------------------------------------------------------
INFO: [RTGEN 206-100] Finished creating RTL model for 'plan5_pipeline_pe_3'.
INFO: [HLS 200-111] Finished Creating RTL model: CPU user time: 0.12 seconds. CPU system time: 0 seconds. Elapsed time: 0.19 seconds; current allocated memory: 996.977 MB.
INFO: [HLS 200-10] ----------------------------------------------------------------
INFO: [HLS 200-10] -- Generating RTL for module 'plan5_pipeline_pe_4_Pipeline_ROW_PTR_LOAD_AND_REPL' 
INFO: [HLS 200-10] ----------------------------------------------------------------
INFO: [HLS 200-1030] Apply Unified Pipeline Control on module 'plan5_pipeline_pe_4_Pipeline_ROW_PTR_LOAD_AND_REPL' pipeline 'ROW_PTR_LOAD_AND_REPL' pipeline type 'loop pipeline'
WARNING: [RTGEN 206-101] Setting dangling out port 'plan5_pipeline_pe_4_Pipeline_ROW_PTR_LOAD_AND_REPL/m_axi_gmem13_ARVALID' to 0.
WARNING: [RTGEN 206-101] Setting dangling out port 'plan5_pipeline_pe_4_Pipeline_ROW_PTR_LOAD_AND_REPL/m_axi_gmem13_ARADDR' to 0.
WARNING: [RTGEN 206-101] Setting dangling out port 'plan5_pipeline_pe_4_Pipeline_ROW_PTR_LOAD_AND_REPL/m_axi_gmem13_ARID' to 0.
WARNING: [RTGEN 206-101] Setting dangling out port 'plan5_pipeline_pe_4_Pipeline_ROW_PTR_LOAD_AND_REPL/m_axi_gmem13_ARLEN' to 0.
WARNING: [RTGEN 206-101] Setting dangling out port 'plan5_pipeline_pe_4_Pipeline_ROW_PTR_LOAD_AND_REPL/m_axi_gmem13_ARSIZE' to 0.
WARNING: [RTGEN 206-101] Setting dangling out port 'plan5_pipeline_pe_4_Pipeline_ROW_PTR_LOAD_AND_REPL/m_axi_gmem13_ARBURST' to 0.
WARNING: [RTGEN 206-101] Setting dangling out port 'plan5_pipeline_pe_4_Pipeline_ROW_PTR_LOAD_AND_REPL/m_axi_gmem13_ARLOCK' to 0.
WARNING: [RTGEN 206-101] Setting dangling out port 'plan5_pipeline_pe_4_Pipeline_ROW_PTR_LOAD_AND_REPL/m_axi_gmem13_ARCACHE' to 0.
WARNING: [RTGEN 206-101] Setting dangling out port 'plan5_pipeline_pe_4_Pipeline_ROW_PTR_LOAD_AND_REPL/m_axi_gmem13_ARPROT' to 0.
WARNING: [RTGEN 206-101] Setting dangling out port 'plan5_pipeline_pe_4_Pipeline_ROW_PTR_LOAD_AND_REPL/m_axi_gmem13_ARQOS' to 0.
WARNING: [RTGEN 206-101] Setting dangling out port 'plan5_pipeline_pe_4_Pipeline_ROW_PTR_LOAD_AND_REPL/m_axi_gmem13_ARREGION' to 0.
WARNING: [RTGEN 206-101] Setting dangling out port 'plan5_pipeline_pe_4_Pipeline_ROW_PTR_LOAD_AND_REPL/m_axi_gmem13_ARUSER' to 0.
INFO: [RTGEN 206-100] Finished creating RTL model for 'plan5_pipeline_pe_4_Pipeline_ROW_PTR_LOAD_AND_REPL'.
INFO: [HLS 200-111] Finished Creating RTL model: CPU user time: 0.32 seconds. CPU system time: 0.02 seconds. Elapsed time: 0.51 seconds; current allocated memory: 1000.520 MB.
INFO: [HLS 200-10] ----------------------------------------------------------------
INFO: [HLS 200-10] -- Generating RTL for module 'plan5_pipeline_pe_4' 
INFO: [HLS 200-10] ----------------------------------------------------------------
INFO: [RTGEN 206-100] Finished creating RTL model for 'plan5_pipeline_pe_4'.
INFO: [HLS 200-111] Finished Creating RTL model: CPU user time: 0.13 seconds. CPU system time: 0.01 seconds. Elapsed time: 0.29 seconds; current allocated memory: 1005.156 MB.
INFO: [HLS 200-10] ----------------------------------------------------------------
INFO: [HLS 200-10] -- Generating RTL for module 'result_collector' 
INFO: [HLS 200-10] ----------------------------------------------------------------
INFO: [RTGEN 206-100] Finished creating RTL model for 'result_collector'.
INFO: [HLS 200-111] Finished Creating RTL model: CPU user time: 0.25 seconds. CPU system time: 0.01 seconds. Elapsed time: 0.36 seconds; current allocated memory: 1009.422 MB.
INFO: [HLS 200-10] ----------------------------------------------------------------
INFO: [HLS 200-10] -- Generating RTL for module 'subgraph_kernel_plan5_v1' 
INFO: [HLS 200-10] ----------------------------------------------------------------
WARNING: [RTGEN 206-101] Design contains AXI ports. Reset is fixed to synchronous and active low.
INFO: [RTGEN 206-500] Setting interface mode on port 'subgraph_kernel_plan5_v1/gmem_pe0_L0' to 'm_axi'.
INFO: [RTGEN 206-500] Setting interface mode on port 'subgraph_kernel_plan5_v1/gmem_pe0_L1' to 'm_axi'.
INFO: [RTGEN 206-500] Setting interface mode on port 'subgraph_kernel_plan5_v1/gmem_pe0_L2' to 'm_axi'.
INFO: [RTGEN 206-500] Setting interface mode on port 'subgraph_kernel_plan5_v1/gmem_pe0_L3' to 'm_axi'.
INFO: [RTGEN 206-500] Setting interface mode on port 'subgraph_kernel_plan5_v1/gmem_pe0_L4' to 'm_axi'.
INFO: [RTGEN 206-500] Setting interface mode on port 'subgraph_kernel_plan5_v1/gmem_pe1_L0' to 'm_axi'.
INFO: [RTGEN 206-500] Setting interface mode on port 'subgraph_kernel_plan5_v1/gmem_pe1_L1' to 'm_axi'.
INFO: [RTGEN 206-500] Setting interface mode on port 'subgraph_kernel_plan5_v1/gmem_pe1_L2' to 'm_axi'.
INFO: [RTGEN 206-500] Setting interface mode on port 'subgraph_kernel_plan5_v1/gmem_pe1_L3' to 'm_axi'.
INFO: [RTGEN 206-500] Setting interface mode on port 'subgraph_kernel_plan5_v1/gmem_pe1_L4' to 'm_axi'.
INFO: [RTGEN 206-500] Setting interface mode on port 'subgraph_kernel_plan5_v1/gmem_pe2_L0' to 'm_axi'.
INFO: [RTGEN 206-500] Setting interface mode on port 'subgraph_kernel_plan5_v1/gmem_pe2_L1' to 'm_axi'.
INFO: [RTGEN 206-500] Setting interface mode on port 'subgraph_kernel_plan5_v1/gmem_pe2_L2' to 'm_axi'.
INFO: [RTGEN 206-500] Setting interface mode on port 'subgraph_kernel_plan5_v1/gmem_pe2_L3' to 'm_axi'.
INFO: [RTGEN 206-500] Setting interface mode on port 'subgraph_kernel_plan5_v1/gmem_pe2_L4' to 'm_axi'.
INFO: [RTGEN 206-500] Setting interface mode on port 'subgraph_kernel_plan5_v1/gmem_pe3_L0' to 'm_axi'.
INFO: [RTGEN 206-500] Setting interface mode on port 'subgraph_kernel_plan5_v1/gmem_pe3_L1' to 'm_axi'.
INFO: [RTGEN 206-500] Setting interface mode on port 'subgraph_kernel_plan5_v1/gmem_pe3_L2' to 'm_axi'.
INFO: [RTGEN 206-500] Setting interface mode on port 'subgraph_kernel_plan5_v1/gmem_pe3_L3' to 'm_axi'.
INFO: [RTGEN 206-500] Setting interface mode on port 'subgraph_kernel_plan5_v1/gmem_pe3_L4' to 'm_axi'.
INFO: [RTGEN 206-500] Setting interface mode on port 'subgraph_kernel_plan5_v1/gmem8' to 'm_axi'.
INFO: [RTGEN 206-500] Setting interface mode on port 'subgraph_kernel_plan5_v1/gmem11' to 'm_axi'.
INFO: [RTGEN 206-500] Setting interface mode on port 'subgraph_kernel_plan5_v1/gmem12' to 'm_axi'.
INFO: [RTGEN 206-500] Setting interface mode on port 'subgraph_kernel_plan5_v1/gmem13' to 'm_axi'.
INFO: [RTGEN 206-500] Setting interface mode on port 'subgraph_kernel_plan5_v1/gmem9' to 'm_axi'.
INFO: [RTGEN 206-500] Setting interface mode on port 'subgraph_kernel_plan5_v1/gmem10' to 'm_axi'.
INFO: [RTGEN 206-500] Setting interface mode on port 'subgraph_kernel_plan5_v1/gmem_pe0_v1_L0' to 's_axilite & ap_none'.
INFO: [RTGEN 206-500] Setting interface mode on port 'subgraph_kernel_plan5_v1/gmem_pe0_v2_L0' to 's_axilite & ap_none'.
INFO: [RTGEN 206-500] Setting interface mode on port 'subgraph_kernel_plan5_v1/gmem_pe0_v1_L1' to 's_axilite & ap_none'.
INFO: [RTGEN 206-500] Setting interface mode on port 'subgraph_kernel_plan5_v1/gmem_pe0_v2_L1' to 's_axilite & ap_none'.
INFO: [RTGEN 206-500] Setting interface mode on port 'subgraph_kernel_plan5_v1/gmem_pe0_v1_L2' to 's_axilite & ap_none'.
INFO: [RTGEN 206-500] Setting interface mode on port 'subgraph_kernel_plan5_v1/gmem_pe0_v2_L2' to 's_axilite & ap_none'.
INFO: [RTGEN 206-500] Setting interface mode on port 'subgraph_kernel_plan5_v1/gmem_pe0_v1_L3' to 's_axilite & ap_none'.
INFO: [RTGEN 206-500] Setting interface mode on port 'subgraph_kernel_plan5_v1/gmem_pe0_v2_L3' to 's_axilite & ap_none'.
INFO: [RTGEN 206-500] Setting interface mode on port 'subgraph_kernel_plan5_v1/gmem_pe0_v1_L4' to 's_axilite & ap_none'.
INFO: [RTGEN 206-500] Setting interface mode on port 'subgraph_kernel_plan5_v1/gmem_pe0_v2_L4' to 's_axilite & ap_none'.
INFO: [RTGEN 206-500] Setting interface mode on port 'subgraph_kernel_plan5_v1/gmem_pe1_v1_L0' to 's_axilite & ap_none'.
INFO: [RTGEN 206-500] Setting interface mode on port 'subgraph_kernel_plan5_v1/gmem_pe1_v2_L0' to 's_axilite & ap_none'.
INFO: [RTGEN 206-500] Setting interface mode on port 'subgraph_kernel_plan5_v1/gmem_pe1_v1_L1' to 's_axilite & ap_none'.
INFO: [RTGEN 206-500] Setting interface mode on port 'subgraph_kernel_plan5_v1/gmem_pe1_v2_L1' to 's_axilite & ap_none'.
INFO: [RTGEN 206-500] Setting interface mode on port 'subgraph_kernel_plan5_v1/gmem_pe1_v1_L2' to 's_axilite & ap_none'.
INFO: [RTGEN 206-500] Setting interface mode on port 'subgraph_kernel_plan5_v1/gmem_pe1_v2_L2' to 's_axilite & ap_none'.
INFO: [RTGEN 206-500] Setting interface mode on port 'subgraph_kernel_plan5_v1/gmem_pe1_v1_L3' to 's_axilite & ap_none'.
INFO: [RTGEN 206-500] Setting interface mode on port 'subgraph_kernel_plan5_v1/gmem_pe1_v2_L3' to 's_axilite & ap_none'.
INFO: [RTGEN 206-500] Setting interface mode on port 'subgraph_kernel_plan5_v1/gmem_pe1_v1_L4' to 's_axilite & ap_none'.
INFO: [RTGEN 206-500] Setting interface mode on port 'subgraph_kernel_plan5_v1/gmem_pe1_v2_L4' to 's_axilite & ap_none'.
INFO: [RTGEN 206-500] Setting interface mode on port 'subgraph_kernel_plan5_v1/gmem_pe2_v1_L0' to 's_axilite & ap_none'.
INFO: [RTGEN 206-500] Setting interface mode on port 'subgraph_kernel_plan5_v1/gmem_pe2_v2_L0' to 's_axilite & ap_none'.
INFO: [RTGEN 206-500] Setting interface mode on port 'subgraph_kernel_plan5_v1/gmem_pe2_v1_L1' to 's_axilite & ap_none'.
INFO: [RTGEN 206-500] Setting interface mode on port 'subgraph_kernel_plan5_v1/gmem_pe2_v2_L1' to 's_axilite & ap_none'.
INFO: [RTGEN 206-500] Setting interface mode on port 'subgraph_kernel_plan5_v1/gmem_pe2_v1_L2' to 's_axilite & ap_none'.
INFO: [RTGEN 206-500] Setting interface mode on port 'subgraph_kernel_plan5_v1/gmem_pe2_v2_L2' to 's_axilite & ap_none'.
INFO: [RTGEN 206-500] Setting interface mode on port 'subgraph_kernel_plan5_v1/gmem_pe2_v1_L3' to 's_axilite & ap_none'.
INFO: [RTGEN 206-500] Setting interface mode on port 'subgraph_kernel_plan5_v1/gmem_pe2_v2_L3' to 's_axilite & ap_none'.
INFO: [RTGEN 206-500] Setting interface mode on port 'subgraph_kernel_plan5_v1/gmem_pe2_v1_L4' to 's_axilite & ap_none'.
INFO: [RTGEN 206-500] Setting interface mode on port 'subgraph_kernel_plan5_v1/gmem_pe2_v2_L4' to 's_axilite & ap_none'.
INFO: [RTGEN 206-500] Setting interface mode on port 'subgraph_kernel_plan5_v1/gmem_pe3_v1_L0' to 's_axilite & ap_none'.
INFO: [RTGEN 206-500] Setting interface mode on port 'subgraph_kernel_plan5_v1/gmem_pe3_v2_L0' to 's_axilite & ap_none'.
INFO: [RTGEN 206-500] Setting interface mode on port 'subgraph_kernel_plan5_v1/gmem_pe3_v1_L1' to 's_axilite & ap_none'.
INFO: [RTGEN 206-500] Setting interface mode on port 'subgraph_kernel_plan5_v1/gmem_pe3_v2_L1' to 's_axilite & ap_none'.
INFO: [RTGEN 206-500] Setting interface mode on port 'subgraph_kernel_plan5_v1/gmem_pe3_v1_L2' to 's_axilite & ap_none'.
INFO: [RTGEN 206-500] Setting interface mode on port 'subgraph_kernel_plan5_v1/gmem_pe3_v2_L2' to 's_axilite & ap_none'.
INFO: [RTGEN 206-500] Setting interface mode on port 'subgraph_kernel_plan5_v1/gmem_pe3_v1_L3' to 's_axilite & ap_none'.
INFO: [RTGEN 206-500] Setting interface mode on port 'subgraph_kernel_plan5_v1/gmem_pe3_v2_L3' to 's_axilite & ap_none'.
INFO: [RTGEN 206-500] Setting interface mode on port 'subgraph_kernel_plan5_v1/gmem_pe3_v1_L4' to 's_axilite & ap_none'.
INFO: [RTGEN 206-500] Setting interface mode on port 'subgraph_kernel_plan5_v1/gmem_pe3_v2_L4' to 's_axilite & ap_none'.
INFO: [RTGEN 206-500] Setting interface mode on port 'subgraph_kernel_plan5_v1/gmem_row_ptr_pe0' to 's_axilite & ap_none'.
INFO: [RTGEN 206-500] Setting interface mode on port 'subgraph_kernel_plan5_v1/gmem_row_ptr_pe1' to 's_axilite & ap_none'.
INFO: [RTGEN 206-500] Setting interface mode on port 'subgraph_kernel_plan5_v1/gmem_row_ptr_pe2' to 's_axilite & ap_none'.
INFO: [RTGEN 206-500] Setting interface mode on port 'subgraph_kernel_plan5_v1/gmem_row_ptr_pe3' to 's_axilite & ap_none'.
INFO: [RTGEN 206-500] Setting interface mode on port 'subgraph_kernel_plan5_v1/gmem_plan' to 's_axilite & ap_none'.
INFO: [RTGEN 206-500] Setting interface mode on port 'subgraph_kernel_plan5_v1/num_vertices' to 's_axilite & ap_none'.
INFO: [RTGEN 206-500] Setting interface mode on port 'subgraph_kernel_plan5_v1/out_result' to 's_axilite & ap_none'.
INFO: [RTGEN 206-500] Setting interface mode on function 'subgraph_kernel_plan5_v1' to 's_axilite & ap_ctrl_chain'.
INFO: [RTGEN 206-100] Bundling port 'gmem_pe0_v1_L0', 'gmem_pe0_v2_L0', 'gmem_pe0_v1_L1', 'gmem_pe0_v2_L1', 'gmem_pe0_v1_L2', 'gmem_pe0_v2_L2', 'gmem_pe0_v1_L3', 'gmem_pe0_v2_L3', 'gmem_pe0_v1_L4', 'gmem_pe0_v2_L4', 'gmem_pe1_v1_L0', 'gmem_pe1_v2_L0', 'gmem_pe1_v1_L1', 'gmem_pe1_v2_L1', 'gmem_pe1_v1_L2', 'gmem_pe1_v2_L2', 'gmem_pe1_v1_L3', 'gmem_pe1_v2_L3', 'gmem_pe1_v1_L4', 'gmem_pe1_v2_L4', 'gmem_pe2_v1_L0', 'gmem_pe2_v2_L0', 'gmem_pe2_v1_L1', 'gmem_pe2_v2_L1', 'gmem_pe2_v1_L2', 'gmem_pe2_v2_L2', 'gmem_pe2_v1_L3', 'gmem_pe2_v2_L3', 'gmem_pe2_v1_L4', 'gmem_pe2_v2_L4', 'gmem_pe3_v1_L0', 'gmem_pe3_v2_L0', 'gmem_pe3_v1_L1', 'gmem_pe3_v2_L1', 'gmem_pe3_v1_L2', 'gmem_pe3_v2_L2', 'gmem_pe3_v1_L3', 'gmem_pe3_v2_L3', 'gmem_pe3_v1_L4', 'gmem_pe3_v2_L4', 'gmem_row_ptr_pe0', 'gmem_row_ptr_pe1', 'gmem_row_ptr_pe2', 'gmem_row_ptr_pe3', 'gmem_plan', 'num_vertices', 'out_result' to AXI-Lite port control.
WARNING: [RTGEN 206-101] RTL name 'fifo_w32_d2_S' is changed to 'fifo_w32_d2_S_x' due to conflict.
WARNING: [RTGEN 206-101] RTL name 'fifo_w164_d64_A' is changed to 'fifo_w164_d64_A_x' due to conflict.
INFO: [RTGEN 206-100] Finished creating RTL model for 'subgraph_kernel_plan5_v1'.
INFO: [RTMG 210-285] Implementing FIFO 'num_vertices_c_U(subgraph_kernel_plan5_v1_fifo_w32_d3_S)' using Shift Registers.
INFO: [RTMG 210-285] Implementing FIFO 'out_result_c_U(subgraph_kernel_plan5_v1_fifo_w64_d5_S)' using Shift Registers.
INFO: [RTMG 210-285] Implementing FIFO 'plan_v0_begin_channel_U(subgraph_kernel_plan5_v1_fifo_w32_d2_S_x)' using Shift Registers.
INFO: [RTMG 210-285] Implementing FIFO 'plan_v0_end_channel_U(subgraph_kernel_plan5_v1_fifo_w32_d2_S_x)' using Shift Registers.
INFO: [RTMG 210-285] Implementing FIFO 'plan_num_levels_c_channel_U(subgraph_kernel_plan5_v1_fifo_w32_d3_S)' using Shift Registers.
INFO: [RTMG 210-285] Implementing FIFO 'plan_num_levels_c67_channel_U(subgraph_kernel_plan5_v1_fifo_w32_d3_S)' using Shift Registers.
INFO: [RTMG 210-285] Implementing FIFO 'plan_num_levels_c68_channel_U(subgraph_kernel_plan5_v1_fifo_w32_d3_S)' using Shift Registers.
INFO: [RTMG 210-285] Implementing FIFO 'plan_num_levels_c69_channel_U(subgraph_kernel_plan5_v1_fifo_w32_d3_S)' using Shift Registers.
INFO: [RTMG 210-285] Implementing FIFO 'plan_levels_op_0_c_channel_U(subgraph_kernel_plan5_v1_fifo_w32_d3_S)' using Shift Registers.
INFO: [RTMG 210-285] Implementing FIFO 'plan_levels_op_0_c70_channel_U(subgraph_kernel_plan5_v1_fifo_w32_d3_S)' using Shift Registers.
INFO: [RTMG 210-285] Implementing FIFO 'plan_levels_op_0_c71_channel_U(subgraph_kernel_plan5_v1_fifo_w32_d3_S)' using Shift Registers.
INFO: [RTMG 210-285] Implementing FIFO 'plan_levels_op_0_c72_channel_U(subgraph_kernel_plan5_v1_fifo_w32_d3_S)' using Shift Registers.
INFO: [RTMG 210-285] Implementing FIFO 'plan_levels_op_1_c_channel_U(subgraph_kernel_plan5_v1_fifo_w32_d3_S)' using Shift Registers.
INFO: [RTMG 210-285] Implementing FIFO 'plan_levels_op_1_c73_channel_U(subgraph_kernel_plan5_v1_fifo_w32_d3_S)' using Shift Registers.
INFO: [RTMG 210-285] Implementing FIFO 'plan_levels_op_1_c74_channel_U(subgraph_kernel_plan5_v1_fifo_w32_d3_S)' using Shift Registers.
INFO: [RTMG 210-285] Implementing FIFO 'plan_levels_op_1_c75_channel_U(subgraph_kernel_plan5_v1_fifo_w32_d3_S)' using Shift Registers.
INFO: [RTMG 210-285] Implementing FIFO 'plan_levels_op_2_c_channel_U(subgraph_kernel_plan5_v1_fifo_w32_d3_S)' using Shift Registers.
INFO: [RTMG 210-285] Implementing FIFO 'plan_levels_op_2_c76_channel_U(subgraph_kernel_plan5_v1_fifo_w32_d3_S)' using Shift Registers.
INFO: [RTMG 210-285] Implementing FIFO 'plan_levels_op_2_c77_channel_U(subgraph_kernel_plan5_v1_fifo_w32_d3_S)' using Shift Registers.
INFO: [RTMG 210-285] Implementing FIFO 'plan_levels_op_2_c78_channel_U(subgraph_kernel_plan5_v1_fifo_w32_d3_S)' using Shift Registers.
INFO: [RTMG 210-285] Implementing FIFO 'plan_levels_op_3_c_channel_U(subgraph_kernel_plan5_v1_fifo_w32_d3_S)' using Shift Registers.
INFO: [RTMG 210-285] Implementing FIFO 'plan_levels_op_3_c79_channel_U(subgraph_kernel_plan5_v1_fifo_w32_d3_S)' using Shift Registers.
INFO: [RTMG 210-285] Implementing FIFO 'plan_levels_op_3_c80_channel_U(subgraph_kernel_plan5_v1_fifo_w32_d3_S)' using Shift Registers.
INFO: [RTMG 210-285] Implementing FIFO 'plan_levels_op_3_c81_channel_U(subgraph_kernel_plan5_v1_fifo_w32_d3_S)' using Shift Registers.
INFO: [RTMG 210-285] Implementing FIFO 'plan_levels_op_4_c_channel_U(subgraph_kernel_plan5_v1_fifo_w32_d3_S)' using Shift Registers.
INFO: [RTMG 210-285] Implementing FIFO 'plan_levels_op_4_c82_channel_U(subgraph_kernel_plan5_v1_fifo_w32_d3_S)' using Shift Registers.
INFO: [RTMG 210-285] Implementing FIFO 'plan_levels_op_4_c83_channel_U(subgraph_kernel_plan5_v1_fifo_w32_d3_S)' using Shift Registers.
INFO: [RTMG 210-285] Implementing FIFO 'plan_levels_op_4_c84_channel_U(subgraph_kernel_plan5_v1_fifo_w32_d3_S)' using Shift Registers.
INFO: [RTMG 210-285] Implementing FIFO 'plan_levels_dst_slot_0_c_channel_U(subgraph_kernel_plan5_v1_fifo_w32_d3_S)' using Shift Registers.
INFO: [RTMG 210-285] Implementing FIFO 'plan_levels_dst_slot_0_c85_channel_U(subgraph_kernel_plan5_v1_fifo_w32_d3_S)' using Shift Registers.
INFO: [RTMG 210-285] Implementing FIFO 'plan_levels_dst_slot_0_c86_channel_U(subgraph_kernel_plan5_v1_fifo_w32_d3_S)' using Shift Registers.
INFO: [RTMG 210-285] Implementing FIFO 'plan_levels_dst_slot_0_c87_channel_U(subgraph_kernel_plan5_v1_fifo_w32_d3_S)' using Shift Registers.
INFO: [RTMG 210-285] Implementing FIFO 'plan_levels_dst_slot_1_c_channel_U(subgraph_kernel_plan5_v1_fifo_w32_d3_S)' using Shift Registers.
INFO: [RTMG 210-285] Implementing FIFO 'plan_levels_dst_slot_1_c88_channel_U(subgraph_kernel_plan5_v1_fifo_w32_d3_S)' using Shift Registers.
INFO: [RTMG 210-285] Implementing FIFO 'plan_levels_dst_slot_1_c89_channel_U(subgraph_kernel_plan5_v1_fifo_w32_d3_S)' using Shift Registers.
INFO: [RTMG 210-285] Implementing FIFO 'plan_levels_dst_slot_1_c90_channel_U(subgraph_kernel_plan5_v1_fifo_w32_d3_S)' using Shift Registers.
INFO: [RTMG 210-285] Implementing FIFO 'plan_levels_dst_slot_2_c_channel_U(subgraph_kernel_plan5_v1_fifo_w32_d3_S)' using Shift Registers.
INFO: [RTMG 210-285] Implementing FIFO 'plan_levels_dst_slot_2_c91_channel_U(subgraph_kernel_plan5_v1_fifo_w32_d3_S)' using Shift Registers.
INFO: [RTMG 210-285] Implementing FIFO 'plan_levels_dst_slot_2_c92_channel_U(subgraph_kernel_plan5_v1_fifo_w32_d3_S)' using Shift Registers.
INFO: [RTMG 210-285] Implementing FIFO 'plan_levels_dst_slot_2_c93_channel_U(subgraph_kernel_plan5_v1_fifo_w32_d3_S)' using Shift Registers.
INFO: [RTMG 210-285] Implementing FIFO 'plan_levels_dst_slot_3_c_channel_U(subgraph_kernel_plan5_v1_fifo_w32_d3_S)' using Shift Registers.
INFO: [RTMG 210-285] Implementing FIFO 'plan_levels_dst_slot_3_c94_channel_U(subgraph_kernel_plan5_v1_fifo_w32_d3_S)' using Shift Registers.
INFO: [RTMG 210-285] Implementing FIFO 'plan_levels_dst_slot_3_c95_channel_U(subgraph_kernel_plan5_v1_fifo_w32_d3_S)' using Shift Registers.
INFO: [RTMG 210-285] Implementing FIFO 'plan_levels_dst_slot_3_c96_channel_U(subgraph_kernel_plan5_v1_fifo_w32_d3_S)' using Shift Registers.
INFO: [RTMG 210-285] Implementing FIFO 'plan_levels_dst_slot_4_c_channel_U(subgraph_kernel_plan5_v1_fifo_w32_d3_S)' using Shift Registers.
INFO: [RTMG 210-285] Implementing FIFO 'plan_levels_dst_slot_4_c97_channel_U(subgraph_kernel_plan5_v1_fifo_w32_d3_S)' using Shift Registers.
INFO: [RTMG 210-285] Implementing FIFO 'plan_levels_dst_slot_4_c98_channel_U(subgraph_kernel_plan5_v1_fifo_w32_d3_S)' using Shift Registers.
INFO: [RTMG 210-285] Implementing FIFO 'plan_levels_dst_slot_4_c99_channel_U(subgraph_kernel_plan5_v1_fifo_w32_d3_S)' using Shift Registers.
INFO: [RTMG 210-285] Implementing FIFO 'plan_levels_src_slot0_0_c_channel_U(subgraph_kernel_plan5_v1_fifo_w32_d3_S)' using Shift Registers.
INFO: [RTMG 210-285] Implementing FIFO 'plan_levels_src_slot0_0_c100_channel_U(subgraph_kernel_plan5_v1_fifo_w32_d3_S)' using Shift Registers.
INFO: [RTMG 210-285] Implementing FIFO 'plan_levels_src_slot0_0_c101_channel_U(subgraph_kernel_plan5_v1_fifo_w32_d3_S)' using Shift Registers.
INFO: [RTMG 210-285] Implementing FIFO 'plan_levels_src_slot0_0_c102_channel_U(subgraph_kernel_plan5_v1_fifo_w32_d3_S)' using Shift Registers.
INFO: [RTMG 210-285] Implementing FIFO 'plan_levels_src_slot0_1_c_channel_U(subgraph_kernel_plan5_v1_fifo_w32_d3_S)' using Shift Registers.
INFO: [RTMG 210-285] Implementing FIFO 'plan_levels_src_slot0_1_c103_channel_U(subgraph_kernel_plan5_v1_fifo_w32_d3_S)' using Shift Registers.
INFO: [RTMG 210-285] Implementing FIFO 'plan_levels_src_slot0_1_c104_channel_U(subgraph_kernel_plan5_v1_fifo_w32_d3_S)' using Shift Registers.
INFO: [RTMG 210-285] Implementing FIFO 'plan_levels_src_slot0_1_c105_channel_U(subgraph_kernel_plan5_v1_fifo_w32_d3_S)' using Shift Registers.
INFO: [RTMG 210-285] Implementing FIFO 'plan_levels_src_slot0_2_c_channel_U(subgraph_kernel_plan5_v1_fifo_w32_d3_S)' using Shift Registers.
INFO: [RTMG 210-285] Implementing FIFO 'plan_levels_src_slot0_2_c106_channel_U(subgraph_kernel_plan5_v1_fifo_w32_d3_S)' using Shift Registers.
INFO: [RTMG 210-285] Implementing FIFO 'plan_levels_src_slot0_2_c107_channel_U(subgraph_kernel_plan5_v1_fifo_w32_d3_S)' using Shift Registers.
INFO: [RTMG 210-285] Implementing FIFO 'plan_levels_src_slot0_2_c108_channel_U(subgraph_kernel_plan5_v1_fifo_w32_d3_S)' using Shift Registers.
INFO: [RTMG 210-285] Implementing FIFO 'plan_levels_src_slot0_3_c_channel_U(subgraph_kernel_plan5_v1_fifo_w32_d3_S)' using Shift Registers.
INFO: [RTMG 210-285] Implementing FIFO 'plan_levels_src_slot0_3_c109_channel_U(subgraph_kernel_plan5_v1_fifo_w32_d3_S)' using Shift Registers.
INFO: [RTMG 210-285] Implementing FIFO 'plan_levels_src_slot0_3_c110_channel_U(subgraph_kernel_plan5_v1_fifo_w32_d3_S)' using Shift Registers.
INFO: [RTMG 210-285] Implementing FIFO 'plan_levels_src_slot0_3_c111_channel_U(subgraph_kernel_plan5_v1_fifo_w32_d3_S)' using Shift Registers.
INFO: [RTMG 210-285] Implementing FIFO 'plan_levels_src_slot0_4_c_channel_U(subgraph_kernel_plan5_v1_fifo_w32_d3_S)' using Shift Registers.
INFO: [RTMG 210-285] Implementing FIFO 'plan_levels_src_slot0_4_c112_channel_U(subgraph_kernel_plan5_v1_fifo_w32_d3_S)' using Shift Registers.
INFO: [RTMG 210-285] Implementing FIFO 'plan_levels_src_slot0_4_c113_channel_U(subgraph_kernel_plan5_v1_fifo_w32_d3_S)' using Shift Registers.
INFO: [RTMG 210-285] Implementing FIFO 'plan_levels_src_slot0_4_c114_channel_U(subgraph_kernel_plan5_v1_fifo_w32_d3_S)' using Shift Registers.
INFO: [RTMG 210-285] Implementing FIFO 'plan_levels_src_slot1_0_c_channel_U(subgraph_kernel_plan5_v1_fifo_w32_d3_S)' using Shift Registers.
INFO: [RTMG 210-285] Implementing FIFO 'plan_levels_src_slot1_0_c115_channel_U(subgraph_kernel_plan5_v1_fifo_w32_d3_S)' using Shift Registers.
INFO: [RTMG 210-285] Implementing FIFO 'plan_levels_src_slot1_0_c116_channel_U(subgraph_kernel_plan5_v1_fifo_w32_d3_S)' using Shift Registers.
INFO: [RTMG 210-285] Implementing FIFO 'plan_levels_src_slot1_0_c117_channel_U(subgraph_kernel_plan5_v1_fifo_w32_d3_S)' using Shift Registers.
INFO: [RTMG 210-285] Implementing FIFO 'plan_levels_src_slot1_1_c_channel_U(subgraph_kernel_plan5_v1_fifo_w32_d3_S)' using Shift Registers.
INFO: [RTMG 210-285] Implementing FIFO 'plan_levels_src_slot1_1_c118_channel_U(subgraph_kernel_plan5_v1_fifo_w32_d3_S)' using Shift Registers.
INFO: [RTMG 210-285] Implementing FIFO 'plan_levels_src_slot1_1_c119_channel_U(subgraph_kernel_plan5_v1_fifo_w32_d3_S)' using Shift Registers.
INFO: [RTMG 210-285] Implementing FIFO 'plan_levels_src_slot1_1_c120_channel_U(subgraph_kernel_plan5_v1_fifo_w32_d3_S)' using Shift Registers.
INFO: [RTMG 210-285] Implementing FIFO 'plan_levels_src_slot1_2_c_channel_U(subgraph_kernel_plan5_v1_fifo_w32_d3_S)' using Shift Registers.
INFO: [RTMG 210-285] Implementing FIFO 'plan_levels_src_slot1_2_c121_channel_U(subgraph_kernel_plan5_v1_fifo_w32_d3_S)' using Shift Registers.
INFO: [RTMG 210-285] Implementing FIFO 'plan_levels_src_slot1_2_c122_channel_U(subgraph_kernel_plan5_v1_fifo_w32_d3_S)' using Shift Registers.
INFO: [RTMG 210-285] Implementing FIFO 'plan_levels_src_slot1_2_c123_channel_U(subgraph_kernel_plan5_v1_fifo_w32_d3_S)' using Shift Registers.
INFO: [RTMG 210-285] Implementing FIFO 'plan_levels_src_slot1_3_c_channel_U(subgraph_kernel_plan5_v1_fifo_w32_d3_S)' using Shift Registers.
INFO: [RTMG 210-285] Implementing FIFO 'plan_levels_src_slot1_3_c124_channel_U(subgraph_kernel_plan5_v1_fifo_w32_d3_S)' using Shift Registers.
INFO: [RTMG 210-285] Implementing FIFO 'plan_levels_src_slot1_3_c125_channel_U(subgraph_kernel_plan5_v1_fifo_w32_d3_S)' using Shift Registers.
INFO: [RTMG 210-285] Implementing FIFO 'plan_levels_src_slot1_3_c126_channel_U(subgraph_kernel_plan5_v1_fifo_w32_d3_S)' using Shift Registers.
INFO: [RTMG 210-285] Implementing FIFO 'plan_levels_src_slot1_4_c_channel_U(subgraph_kernel_plan5_v1_fifo_w32_d3_S)' using Shift Registers.
INFO: [RTMG 210-285] Implementing FIFO 'plan_levels_src_slot1_4_c127_channel_U(subgraph_kernel_plan5_v1_fifo_w32_d3_S)' using Shift Registers.
INFO: [RTMG 210-285] Implementing FIFO 'plan_levels_src_slot1_4_c128_channel_U(subgraph_kernel_plan5_v1_fifo_w32_d3_S)' using Shift Registers.
INFO: [RTMG 210-285] Implementing FIFO 'plan_levels_src_slot1_4_c129_channel_U(subgraph_kernel_plan5_v1_fifo_w32_d3_S)' using Shift Registers.
INFO: [RTMG 210-285] Implementing FIFO 'plan_levels_bound_kind_0_c_channel_U(subgraph_kernel_plan5_v1_fifo_w32_d3_S)' using Shift Registers.
INFO: [RTMG 210-285] Implementing FIFO 'plan_levels_bound_kind_0_c130_channel_U(subgraph_kernel_plan5_v1_fifo_w32_d3_S)' using Shift Registers.
INFO: [RTMG 210-285] Implementing FIFO 'plan_levels_bound_kind_0_c131_channel_U(subgraph_kernel_plan5_v1_fifo_w32_d3_S)' using Shift Registers.
INFO: [RTMG 210-285] Implementing FIFO 'plan_levels_bound_kind_0_c132_channel_U(subgraph_kernel_plan5_v1_fifo_w32_d3_S)' using Shift Registers.
INFO: [RTMG 210-285] Implementing FIFO 'plan_levels_bound_kind_1_c_channel_U(subgraph_kernel_plan5_v1_fifo_w32_d3_S)' using Shift Registers.
INFO: [RTMG 210-285] Implementing FIFO 'plan_levels_bound_kind_1_c133_channel_U(subgraph_kernel_plan5_v1_fifo_w32_d3_S)' using Shift Registers.
INFO: [RTMG 210-285] Implementing FIFO 'plan_levels_bound_kind_1_c134_channel_U(subgraph_kernel_plan5_v1_fifo_w32_d3_S)' using Shift Registers.
INFO: [RTMG 210-285] Implementing FIFO 'plan_levels_bound_kind_1_c135_channel_U(subgraph_kernel_plan5_v1_fifo_w32_d3_S)' using Shift Registers.
INFO: [RTMG 210-285] Implementing FIFO 'plan_levels_bound_kind_2_c_channel_U(subgraph_kernel_plan5_v1_fifo_w32_d3_S)' using Shift Registers.
INFO: [RTMG 210-285] Implementing FIFO 'plan_levels_bound_kind_2_c136_channel_U(subgraph_kernel_plan5_v1_fifo_w32_d3_S)' using Shift Registers.
INFO: [RTMG 210-285] Implementing FIFO 'plan_levels_bound_kind_2_c137_channel_U(subgraph_kernel_plan5_v1_fifo_w32_d3_S)' using Shift Registers.
INFO: [RTMG 210-285] Implementing FIFO 'plan_levels_bound_kind_2_c138_channel_U(subgraph_kernel_plan5_v1_fifo_w32_d3_S)' using Shift Registers.
INFO: [RTMG 210-285] Implementing FIFO 'plan_levels_bound_kind_3_c_channel_U(subgraph_kernel_plan5_v1_fifo_w32_d3_S)' using Shift Registers.
INFO: [RTMG 210-285] Implementing FIFO 'plan_levels_bound_kind_3_c139_channel_U(subgraph_kernel_plan5_v1_fifo_w32_d3_S)' using Shift Registers.
INFO: [RTMG 210-285] Implementing FIFO 'plan_levels_bound_kind_3_c140_channel_U(subgraph_kernel_plan5_v1_fifo_w32_d3_S)' using Shift Registers.
INFO: [RTMG 210-285] Implementing FIFO 'plan_levels_bound_kind_3_c141_channel_U(subgraph_kernel_plan5_v1_fifo_w32_d3_S)' using Shift Registers.
INFO: [RTMG 210-285] Implementing FIFO 'plan_levels_bound_kind_4_c_channel_U(subgraph_kernel_plan5_v1_fifo_w32_d3_S)' using Shift Registers.
INFO: [RTMG 210-285] Implementing FIFO 'plan_levels_bound_kind_4_c142_channel_U(subgraph_kernel_plan5_v1_fifo_w32_d3_S)' using Shift Registers.
INFO: [RTMG 210-285] Implementing FIFO 'plan_levels_bound_kind_4_c143_channel_U(subgraph_kernel_plan5_v1_fifo_w32_d3_S)' using Shift Registers.
INFO: [RTMG 210-285] Implementing FIFO 'plan_levels_bound_kind_4_c144_channel_U(subgraph_kernel_plan5_v1_fifo_w32_d3_S)' using Shift Registers.
INFO: [RTMG 210-285] Implementing FIFO 'plan_levels_bound_slot_0_c_channel_U(subgraph_kernel_plan5_v1_fifo_w3_d3_S)' using Shift Registers.
INFO: [RTMG 210-285] Implementing FIFO 'plan_levels_bound_slot_0_c145_channel_U(subgraph_kernel_plan5_v1_fifo_w3_d3_S)' using Shift Registers.
INFO: [RTMG 210-285] Implementing FIFO 'plan_levels_bound_slot_0_c146_channel_U(subgraph_kernel_plan5_v1_fifo_w3_d3_S)' using Shift Registers.
INFO: [RTMG 210-285] Implementing FIFO 'plan_levels_bound_slot_0_c147_channel_U(subgraph_kernel_plan5_v1_fifo_w3_d3_S)' using Shift Registers.
INFO: [RTMG 210-285] Implementing FIFO 'plan_levels_bound_slot_1_c_channel_U(subgraph_kernel_plan5_v1_fifo_w3_d3_S)' using Shift Registers.
INFO: [RTMG 210-285] Implementing FIFO 'plan_levels_bound_slot_1_c148_channel_U(subgraph_kernel_plan5_v1_fifo_w3_d3_S)' using Shift Registers.
INFO: [RTMG 210-285] Implementing FIFO 'plan_levels_bound_slot_1_c149_channel_U(subgraph_kernel_plan5_v1_fifo_w3_d3_S)' using Shift Registers.
INFO: [RTMG 210-285] Implementing FIFO 'plan_levels_bound_slot_1_c150_channel_U(subgraph_kernel_plan5_v1_fifo_w3_d3_S)' using Shift Registers.
INFO: [RTMG 210-285] Implementing FIFO 'plan_levels_bound_slot_2_c_channel_U(subgraph_kernel_plan5_v1_fifo_w3_d3_S)' using Shift Registers.
INFO: [RTMG 210-285] Implementing FIFO 'plan_levels_bound_slot_2_c151_channel_U(subgraph_kernel_plan5_v1_fifo_w3_d3_S)' using Shift Registers.
INFO: [RTMG 210-285] Implementing FIFO 'plan_levels_bound_slot_2_c152_channel_U(subgraph_kernel_plan5_v1_fifo_w3_d3_S)' using Shift Registers.
INFO: [RTMG 210-285] Implementing FIFO 'plan_levels_bound_slot_2_c153_channel_U(subgraph_kernel_plan5_v1_fifo_w3_d3_S)' using Shift Registers.
INFO: [RTMG 210-285] Implementing FIFO 'plan_levels_bound_slot_3_c_channel_U(subgraph_kernel_plan5_v1_fifo_w3_d3_S)' using Shift Registers.
INFO: [RTMG 210-285] Implementing FIFO 'plan_levels_bound_slot_3_c154_channel_U(subgraph_kernel_plan5_v1_fifo_w3_d3_S)' using Shift Registers.
INFO: [RTMG 210-285] Implementing FIFO 'plan_levels_bound_slot_3_c155_channel_U(subgraph_kernel_plan5_v1_fifo_w3_d3_S)' using Shift Registers.
INFO: [RTMG 210-285] Implementing FIFO 'plan_levels_bound_slot_3_c156_channel_U(subgraph_kernel_plan5_v1_fifo_w3_d3_S)' using Shift Registers.
INFO: [RTMG 210-285] Implementing FIFO 'plan_levels_bound_slot_4_c_channel_U(subgraph_kernel_plan5_v1_fifo_w3_d3_S)' using Shift Registers.
INFO: [RTMG 210-285] Implementing FIFO 'plan_levels_bound_slot_4_c157_channel_U(subgraph_kernel_plan5_v1_fifo_w3_d3_S)' using Shift Registers.
INFO: [RTMG 210-285] Implementing FIFO 'plan_levels_bound_slot_4_c158_channel_U(subgraph_kernel_plan5_v1_fifo_w3_d3_S)' using Shift Registers.
INFO: [RTMG 210-285] Implementing FIFO 'plan_levels_bound_slot_4_c159_channel_U(subgraph_kernel_plan5_v1_fifo_w3_d3_S)' using Shift Registers.
INFO: [RTMG 210-285] Implementing FIFO 'plan_levels_bound_const_0_c_channel_U(subgraph_kernel_plan5_v1_fifo_w32_d3_S)' using Shift Registers.
INFO: [RTMG 210-285] Implementing FIFO 'plan_levels_bound_const_0_c160_channel_U(subgraph_kernel_plan5_v1_fifo_w32_d3_S)' using Shift Registers.
INFO: [RTMG 210-285] Implementing FIFO 'plan_levels_bound_const_0_c161_channel_U(subgraph_kernel_plan5_v1_fifo_w32_d3_S)' using Shift Registers.
INFO: [RTMG 210-285] Implementing FIFO 'plan_levels_bound_const_0_c162_channel_U(subgraph_kernel_plan5_v1_fifo_w32_d3_S)' using Shift Registers.
INFO: [RTMG 210-285] Implementing FIFO 'plan_levels_bound_const_1_c_channel_U(subgraph_kernel_plan5_v1_fifo_w32_d3_S)' using Shift Registers.
INFO: [RTMG 210-285] Implementing FIFO 'plan_levels_bound_const_1_c163_channel_U(subgraph_kernel_plan5_v1_fifo_w32_d3_S)' using Shift Registers.
INFO: [RTMG 210-285] Implementing FIFO 'plan_levels_bound_const_1_c164_channel_U(subgraph_kernel_plan5_v1_fifo_w32_d3_S)' using Shift Registers.
INFO: [RTMG 210-285] Implementing FIFO 'plan_levels_bound_const_1_c165_channel_U(subgraph_kernel_plan5_v1_fifo_w32_d3_S)' using Shift Registers.
INFO: [RTMG 210-285] Implementing FIFO 'plan_levels_bound_const_2_c_channel_U(subgraph_kernel_plan5_v1_fifo_w32_d3_S)' using Shift Registers.
INFO: [RTMG 210-285] Implementing FIFO 'plan_levels_bound_const_2_c166_channel_U(subgraph_kernel_plan5_v1_fifo_w32_d3_S)' using Shift Registers.
INFO: [RTMG 210-285] Implementing FIFO 'plan_levels_bound_const_2_c167_channel_U(subgraph_kernel_plan5_v1_fifo_w32_d3_S)' using Shift Registers.
INFO: [RTMG 210-285] Implementing FIFO 'plan_levels_bound_const_2_c168_channel_U(subgraph_kernel_plan5_v1_fifo_w32_d3_S)' using Shift Registers.
INFO: [RTMG 210-285] Implementing FIFO 'plan_levels_bound_const_3_c_channel_U(subgraph_kernel_plan5_v1_fifo_w32_d3_S)' using Shift Registers.
INFO: [RTMG 210-285] Implementing FIFO 'plan_levels_bound_const_3_c169_channel_U(subgraph_kernel_plan5_v1_fifo_w32_d3_S)' using Shift Registers.
INFO: [RTMG 210-285] Implementing FIFO 'plan_levels_bound_const_3_c170_channel_U(subgraph_kernel_plan5_v1_fifo_w32_d3_S)' using Shift Registers.
INFO: [RTMG 210-285] Implementing FIFO 'plan_levels_bound_const_3_c171_channel_U(subgraph_kernel_plan5_v1_fifo_w32_d3_S)' using Shift Registers.
INFO: [RTMG 210-285] Implementing FIFO 'plan_levels_bound_const_4_c_channel_U(subgraph_kernel_plan5_v1_fifo_w32_d3_S)' using Shift Registers.
INFO: [RTMG 210-285] Implementing FIFO 'plan_levels_bound_const_4_c172_channel_U(subgraph_kernel_plan5_v1_fifo_w32_d3_S)' using Shift Registers.
INFO: [RTMG 210-285] Implementing FIFO 'plan_levels_bound_const_4_c173_channel_U(subgraph_kernel_plan5_v1_fifo_w32_d3_S)' using Shift Registers.
INFO: [RTMG 210-285] Implementing FIFO 'plan_levels_bound_const_4_c174_channel_U(subgraph_kernel_plan5_v1_fifo_w32_d3_S)' using Shift Registers.
INFO: [RTMG 210-285] Implementing FIFO 'plan_levels_flags_0_c_channel_U(subgraph_kernel_plan5_v1_fifo_w1_d3_S)' using Shift Registers.
INFO: [RTMG 210-285] Implementing FIFO 'plan_levels_flags_0_c175_channel_U(subgraph_kernel_plan5_v1_fifo_w1_d3_S)' using Shift Registers.
INFO: [RTMG 210-285] Implementing FIFO 'plan_levels_flags_0_c176_channel_U(subgraph_kernel_plan5_v1_fifo_w1_d3_S)' using Shift Registers.
INFO: [RTMG 210-285] Implementing FIFO 'plan_levels_flags_0_c177_channel_U(subgraph_kernel_plan5_v1_fifo_w1_d3_S)' using Shift Registers.
INFO: [RTMG 210-285] Implementing FIFO 'plan_levels_flags_1_c_channel_U(subgraph_kernel_plan5_v1_fifo_w1_d3_S)' using Shift Registers.
INFO: [RTMG 210-285] Implementing FIFO 'plan_levels_flags_1_c178_channel_U(subgraph_kernel_plan5_v1_fifo_w1_d3_S)' using Shift Registers.
INFO: [RTMG 210-285] Implementing FIFO 'plan_levels_flags_1_c179_channel_U(subgraph_kernel_plan5_v1_fifo_w1_d3_S)' using Shift Registers.
INFO: [RTMG 210-285] Implementing FIFO 'plan_levels_flags_1_c180_channel_U(subgraph_kernel_plan5_v1_fifo_w1_d3_S)' using Shift Registers.
INFO: [RTMG 210-285] Implementing FIFO 'plan_levels_flags_2_c_channel_U(subgraph_kernel_plan5_v1_fifo_w1_d3_S)' using Shift Registers.
INFO: [RTMG 210-285] Implementing FIFO 'plan_levels_flags_2_c181_channel_U(subgraph_kernel_plan5_v1_fifo_w1_d3_S)' using Shift Registers.
INFO: [RTMG 210-285] Implementing FIFO 'plan_levels_flags_2_c182_channel_U(subgraph_kernel_plan5_v1_fifo_w1_d3_S)' using Shift Registers.
INFO: [RTMG 210-285] Implementing FIFO 'plan_levels_flags_2_c183_channel_U(subgraph_kernel_plan5_v1_fifo_w1_d3_S)' using Shift Registers.
INFO: [RTMG 210-285] Implementing FIFO 'plan_levels_flags_3_c_channel_U(subgraph_kernel_plan5_v1_fifo_w1_d3_S)' using Shift Registers.
INFO: [RTMG 210-285] Implementing FIFO 'plan_levels_flags_3_c184_channel_U(subgraph_kernel_plan5_v1_fifo_w1_d3_S)' using Shift Registers.
INFO: [RTMG 210-285] Implementing FIFO 'plan_levels_flags_3_c185_channel_U(subgraph_kernel_plan5_v1_fifo_w1_d3_S)' using Shift Registers.
INFO: [RTMG 210-285] Implementing FIFO 'plan_levels_flags_3_c186_channel_U(subgraph_kernel_plan5_v1_fifo_w1_d3_S)' using Shift Registers.
INFO: [RTMG 210-285] Implementing FIFO 'plan_levels_flags_4_c_channel_U(subgraph_kernel_plan5_v1_fifo_w1_d3_S)' using Shift Registers.
INFO: [RTMG 210-285] Implementing FIFO 'plan_levels_flags_4_c187_channel_U(subgraph_kernel_plan5_v1_fifo_w1_d3_S)' using Shift Registers.
INFO: [RTMG 210-285] Implementing FIFO 'plan_levels_flags_4_c188_channel_U(subgraph_kernel_plan5_v1_fifo_w1_d3_S)' using Shift Registers.
INFO: [RTMG 210-285] Implementing FIFO 'plan_levels_flags_4_c189_channel_U(subgraph_kernel_plan5_v1_fifo_w1_d3_S)' using Shift Registers.
INFO: [RTMG 210-285] Implementing FIFO 'level0_streams_0_U(subgraph_kernel_plan5_v1_fifo_w164_d64_A_x)' using Vivado Default RAMs.
INFO: [RTMG 210-285] Implementing FIFO 'level0_streams_1_U(subgraph_kernel_plan5_v1_fifo_w164_d64_A_x)' using Vivado Default RAMs.
INFO: [RTMG 210-285] Implementing FIFO 'level0_streams_2_U(subgraph_kernel_plan5_v1_fifo_w164_d64_A_x)' using Vivado Default RAMs.
INFO: [RTMG 210-285] Implementing FIFO 'level0_streams_3_U(subgraph_kernel_plan5_v1_fifo_w164_d64_A_x)' using Vivado Default RAMs.
INFO: [RTMG 210-285] Implementing FIFO 'result_streams_U(subgraph_kernel_plan5_v1_fifo_w64_d4_S)' using Shift Registers.
INFO: [RTMG 210-285] Implementing FIFO 'result_streams_1_U(subgraph_kernel_plan5_v1_fifo_w64_d4_S)' using Shift Registers.
INFO: [RTMG 210-285] Implementing FIFO 'result_streams_2_U(subgraph_kernel_plan5_v1_fifo_w64_d4_S)' using Shift Registers.
INFO: [RTMG 210-285] Implementing FIFO 'result_streams_3_U(subgraph_kernel_plan5_v1_fifo_w64_d4_S)' using Shift Registers.
INFO: [RTMG 210-285] Implementing FIFO 'start_for_result_collector_U0_U(subgraph_kernel_plan5_v1_start_for_result_collector_U0)' using Shift Registers.
INFO: [HLS 200-111] Finished Creating RTL model: CPU user time: 2.44 seconds. CPU system time: 0.19 seconds. Elapsed time: 5.02 seconds; current allocated memory: 1.007 GB.
INFO: [HLS 200-111] Finished Generating all RTL models: CPU user time: 1.29 seconds. CPU system time: 0.17 seconds. Elapsed time: 2.35 seconds; current allocated memory: 1.016 GB.
INFO: [HLS 200-1603] Design has inferred MAXI bursts and missed bursts, see Vitis HLS GUI synthesis summary report for detailed information.
INFO: [HLS 200-111] Finished Updating report files: CPU user time: 25.7 seconds. CPU system time: 0.18 seconds. Elapsed time: 26.22 seconds; current allocated memory: 1.082 GB.
INFO: [VHDL 208-304] Generating VHDL RTL for subgraph_kernel_plan5_v1.
INFO: [VLOG 209-307] Generating Verilog RTL for subgraph_kernel_plan5_v1.
INFO: [HLS 200-790] **** Loop Constraint Status: All loop constraints were satisfied.
INFO: [HLS 200-789] **** Estimated Fmax: 224.52 MHz
INFO: [HLS 200-111] Finished Command csynth_design CPU user time: 58.89 seconds. CPU system time: 3.62 seconds. Elapsed time: 77.4 seconds; current allocated memory: 821.340 MB.
INFO: [HLS 200-1510] Running: config_export -version 2.0.1 
INFO: [HLS 200-1510] Running: close_solution 
INFO: [HLS 200-1510] Running: close_project 
INFO: [HLS 200-112] Total CPU user time: 63.08 seconds. Total CPU system time: 4.32 seconds. Total elapsed time: 83.31 seconds; peak allocated memory: 1.082 GB.
INFO: [Common 17-206] Exiting vitis_hls at Fri Jan  2 14:48:35 2026...
